"","Player","Innings","Runs","BallsFaced","Hundreds"
"1","SR Tendulkar ",452,18426,21368,49
"2","KC Sangakkara ",380,14234,18048,25
"3","RT Ponting ",365,13704,17046,30
"4","ST Jayasuriya ",433,13430,14725,28
"5","DPMD Jayawardene ",418,12650,16020,19
"6","V Kohli ",239,11867,12726,43
"7","Inzamam-ul-Haq ",350,11739,15812,10
"8","JH Kallis ",314,11579,15885,17
"9","SC Ganguly ",300,11363,15416,22
"10","R Dravid ",318,10889,15285,12
"11","MS Dhoni ",297,10773,12303,10
"12","CH Gayle ",294,10480,12019,25
"13","BC Lara ",289,10405,13086,19
"14","TM Dilshan ",303,10290,11933,22
"15","Mohammad Yousuf ",273,9720,12942,15
"16","AC Gilchrist ",279,9619,9922,16
"17","AB de Villiers ",218,9577,9473,25
"18","M Azharuddin ",308,9378,12669,7
"19","PA de Silva ",296,9284,11443,11
"20","RG Sharma ",217,9115,10250,29
"21","Saeed Anwar ",244,8824,10938,20
"22","S Chanderpaul ",251,8778,12408,11
"23","Yuvraj Singh ",278,8701,9924,14
"24","DL Haynes ",237,8648,13707,17
"25","LRPL Taylor ",216,8574,10273,21
"26","MS Atapattu ",259,8529,12594,11
"27","ME Waugh ",236,8500,11053,18
"28","V Sehwag ",245,8273,7929,15
"29","HM Amla ",178,8113,9178,27
"30","HH Gibbs ",240,8094,9721,21
"31","Shahid Afridi ",369,8064,6892,6
"32","SP Fleming ",269,8037,11242,8
"33","MJ Clarke ",223,7981,10104,8
"34","SR Waugh ",288,7569,9971,3
"35","Shoaib Malik ",258,7534,9199,9
"36","A Ranatunga ",255,7456,9571,4
"37","Javed Miandad ",218,7381,11014,8
"38","EJG Morgan ",219,7368,8085,13
"39","Younis Khan ",255,7249,9628,7
"40","Tamim Iqbal ",205,7202,9153,13
"41","Saleem Malik ",256,7170,9383,5
"42","NJ Astle ",217,7090,9760,16
"43","GC Smith ",194,6989,8648,10
"44","WU Tharanga ",223,6951,9155,15
"45","MG Bevan ",196,6912,9320,6
"46","MJ Guptill ",180,6843,7825,16
"47","G Kirsten ",185,6798,9436,13
"48","A Flower ",208,6786,9097,4
"49","IVA Richards ",167,6721,7451,11
"50","Mohammad Hafeez ",216,6614,8633,11
"51","GW Flower ",214,6571,9723,6
"52","Ijaz Ahmed ",232,6564,8174,10
"53","AR Border ",252,6524,9134,3
"54","BRM Taylor ",195,6326,8307,10
"55","Shakib Al Hasan ",194,6323,7641,9
"56","RB Richardson ",217,6248,9801,5
"57","Mushfiqur Rahim ",204,6174,7794,7
"58","KS Williamson ",144,6173,7551,13
"59","ML Hayden ",155,6133,7767,10
"60","BB McCullum ",228,6083,6312,5
"61","DM Jones ",161,6068,8362,7
"62","DC Boon ",177,5964,9157,5
"63","JN Rhodes ",220,5935,7336,2
"64","JE Root ",137,5922,6775,16
"65","Ramiz Raja ",197,5841,9226,9
"66","AD Mathews ",187,5830,6997,3
"67","RR Sarwan ",169,5804,7663,5
"68","CL Hooper ",206,5761,7517,7
"69","SR Watson ",169,5757,6365,9
"70","S Dhawan ",133,5688,6050,17
"71","H Masakadza ",208,5658,7728,5
"72","SK Raina ",194,5615,6005,5
"73","MN Samuels ",196,5606,7463,10
"74","WJ Cronje ",175,5565,7277,2
"75","F du Plessis ",136,5507,6215,12
"76","MEK Hussey ",157,5442,6243,3
"77","IR Bell ",157,5416,7019,4
"78","A Jadeja ",179,5359,7678,6
"79","DR Martyn ",182,5346,6877,5
"80","DA Warner ",121,5267,5500,18
"81","G Gambhir ",143,5238,6144,11
"82","ADR Campbell ",184,5185,7834,7
"83","RS Mahanama ",198,5162,8521,4
"84","Q de Kock ",121,5135,5414,15
"85","CG Greenidge ",127,5134,7908,11
"86","Misbah-ul-Haq ",149,5122,6945,0
"87","JP Duminy ",179,5117,6052,4
"88","PD Collingwood ",181,5092,6614,5
"89","A Symonds ",161,5088,5504,6
"90","Abdul Razzaq ",228,5080,6252,3
"91","CL Cairns ",193,4950,5874,4
"92","AJ Finch ",122,4882,5503,16
"93","Aamer Sohail ",155,4780,7297,5
"94","CD McMillan ",183,4707,6198,3
"95","MD Crowe ",140,4704,6476,4
"96","MV Boucher ",221,4686,5528,1
"97","AJ Stewart ",162,4677,6841,4
"98","SB Styris ",161,4483,5645,4
"99","KP Pietersen ",125,4440,5128,9
"100","NS Sidhu ",127,4413,6329,6
"101","CZ Harris ",213,4379,6583,1
"102","GR Marsh ",115,4357,7790,9
"103","E Chigumbura ",198,4340,5423,2
"104","ME Trescothick ",122,4335,5087,12
"105","GA Gooch ",122,4290,6932,8
"106","AJ Strauss ",126,4205,5195,6
"107","SPD Smith ",110,4162,4802,9
"108","PR Stirling ",114,4121,4750,8
"109","WTS Porterfield ",136,4091,5916,11
"110","K Srikkanth ",145,4091,5702,4
"111","Mahmudullah ",163,4070,5311,3
"112","AJ Lamb ",118,4010,5308,4
"113","RP Arnold ",155,3950,5443,1
"114","AP Gurusinha ",143,3902,6409,2
"115","JG Wright ",148,3891,6804,1
"116","DJ Cullinan ",133,3860,5492,3
"117","GA Hick ",118,3846,5191,5
"118","JC Buttler ",117,3843,3207,9
"119","HP Tillakaratne ",168,3789,6588,2
"120","N Kapil Dev ",198,3783,3979,1
"121","SC Williams ",129,3761,4606,3
"122","Wasim Akram ",280,3717,4208,0
"123","RS Kaluwitharana ",181,3711,4776,2
"124","Imran Khan ",151,3709,5105,1
"125","PV Simmons ",138,3675,5407,5
"126","NV Knight ",100,3637,5085,5
"127","LD Chandimal ",132,3599,4855,4
"128","L Klusener ",137,3576,3977,2
"129","KJ O'Brien ",133,3546,3981,2
"130","SM Pollock ",205,3519,4059,1
"131","MA Taylor ",110,3514,5908,1
"132","DB Vengsarkar ",120,3508,5179,1
"133","Mohammad Ashraful ",169,3468,4947,3
"134","JJ Roy ",83,3434,3201,9
"135","SO Tikolo ",130,3428,4524,3
"136","HH Dippenaar ",95,3421,5047,4
"137","A Flintoff ",122,3394,3821,3
"138","T Taibu ",137,3393,5020,2
"139","KC Wessels ",105,3367,6088,1
"140","Babar Azam ",72,3359,3857,11
"141","AC Parore ",161,3314,4867,1
"142","SD Hope ",73,3289,4422,9
"143","Moin Khan ",183,3266,4017,0
"144","Kamran Akmal ",138,3236,3855,5
"145","DA Miller ",114,3231,3211,5
"146","AN Cook ",92,3204,4154,5
"147","HDRL Thirimanne ",106,3194,4419,4
"148","Umar Akmal ",110,3194,3712,2
"149","DI Gower ",111,3170,4218,7
"150","KR Rutherford ",115,3143,4888,2
"151","BJ Haddin ",115,3122,3706,2
"152","RJ Shastri ",128,3108,5089,4
"153","SM Gavaskar ",102,3092,4966,1
"154","DS Lehmann ",101,3078,3784,4
"155","GJ Bailey ",85,3044,3645,3
"156","V Sibanda ",126,2994,4716,2
"157","DJ Bravo ",141,2968,3606,2
"158","AM Rahane ",87,2962,3767,3
"159","HH Streak ",159,2943,4008,0
"160","JM Bairstow ",70,2923,2797,9
"161","DM Bravo ",108,2902,4132,3
"162","WW Hinds ",111,2880,4393,5
"163","GJ Maxwell ",100,2877,2332,1
"164","MDKJ Perera ",96,2825,3051,5
"165","IJL Trott ",65,2819,3658,4
"166","AL Logie ",133,2809,3801,1
"167","Sikandar Raza ",96,2801,3388,3
"168","AH Jones ",87,2784,4811,0
"169","Mohammad Nabi ",112,2782,3252,1
"170","SE Marsh ",72,2773,3406,7
"171","M Kaif ",110,2753,3822,2
"172","SV Carlisle ",107,2740,4325,3
"173","Mohammad Shahzad ",84,2727,3082,6
"174","Salman Butt ",78,2725,3572,8
"175","RG Twose ",81,2717,3603,1
"176","GJ Whittall ",142,2705,4011,0
"177","TWM Latham ",92,2696,3232,4
"178","RS Bopara ",109,2695,3462,1
"179","BA Stokes ",81,2682,2855,3
"180","Mudassar Nazar ",115,2653,5130,0
"181","EC Joyce ",77,2622,3630,6
"182","Ahmed Shehzad ",81,2605,3614,6
"183","NJ O'Brien ",101,2581,3638,1
"184","Zaheer Abbas ",60,2572,3033,7
"185","CR Ervine ",90,2571,3406,3
"186","AC Hudson ",88,2559,3960,2
"187","KA Pollard ",104,2496,2637,3
"188","VG Kambli ",97,2477,3443,2
"189","Imrul Kayes ",78,2434,3423,4
"190","JDP Oram ",116,2434,2810,1
"191","TM Odoyo ",119,2420,3438,1
"192","AD Hales ",67,2419,2527,6
"193","RA Smith ",70,2419,3473,4
"194","L Vincent ",99,2413,3453,3
"195","KJ Coetzer ",57,2409,2795,4
"196","CJ Chibhabha ",104,2399,3806,0
"197","GP Thorpe ",77,2380,3344,0
"198","Rahmat Shah ",69,2359,3366,4
"199","Asghar Afghan ",105,2356,3531,1
"200","VVS Laxman ",83,2338,3282,6
"201","RR Singh ",113,2336,3144,1
"202","N Hussain ",87,2332,3481,1
"203","GS Chappell ",72,2331,3079,3
"204","NLTC Perera ",131,2316,2057,1
"205","Sarfaraz Ahmed ",90,2302,2622,2
"206","RA Jadeja ",110,2296,2671,0
"207","SL Campbell ",87,2283,3853,2
"208","DL Vettori ",187,2253,2715,0
"209","S Matsikenyeri ",110,2224,3072,0
"210","GM Wood ",77,2219,3725,3
"211","MJ Greatbatch ",83,2206,3099,2
"212","JC Adams ",105,2204,3614,0
"213","Shahriar Nafees ",75,2201,3167,4
"214","D Ramdin ",110,2200,2738,2
"215","CS MacLeod ",64,2175,2623,8
"216","Habibul Bashar ",105,2168,3586,0
"217","BKG Mendis ",74,2167,2559,2
"218","IT Botham ",106,2113,2671,0
"219","MW Gatting ",88,2095,2968,1
"220","NH Fairbrother ",71,2092,2903,1
"221","RL Powell ",100,2085,2157,1
"222","CL White ",77,2072,2586,2
"223","GC Wilson ",99,2072,2880,1
"224","CO Obuya ",89,2044,2981,0
"225","Yasir Hameed ",56,2028,3029,3
"226","WPUJC Vaas ",220,2025,2796,0
"227","KO Otieno ",87,2016,3561,2
"228","SV Manjrekar ",70,1994,3101,1
"229","MP Vaughan ",83,1982,2898,0
"230","CH Lloyd ",69,1977,2434,1
"231","GD Elliott ",69,1976,2416,2
"232","KJ Hughes ",88,1968,2919,0
"233","A Bagai ",60,1964,2995,2
"234","Fakhar Zaman ",46,1958,2056,4
"235","LMP Simmons ",65,1958,2680,2
"236","Aftab Ahmed ",85,1954,2353,0
"237","PJL Dujon ",120,1945,2881,0
"238","M Amarnath ",75,1924,3334,2
"239","A Balbirnie ",64,1910,2530,5
"240","KLT Arthurton ",93,1904,2822,0
"241","Imran Nazir ",79,1895,2339,2
"242","RD Berrington ",73,1882,2535,1
"243","Mohsin Khan ",75,1877,3373,2
"244","JV Coney ",80,1874,2885,0
"245","DJG Sammy ",105,1871,1870,0
"246","RD Jacobs ",112,1865,2662,0
"247","M Prabhakar ",98,1858,3083,2
"248","Azhar Ali ",53,1845,2478,3
"249","OA Shah ",66,1834,2331,1
"250","JO Holder ",92,1821,1931,0
"251","MW Goodwin ",70,1818,2654,2
"252","Khaled Mashud ",110,1818,3315,0
"253","BA Edgar ",64,1814,3685,1
"254","Samiullah Shinwari ",74,1811,2765,0
"255","DJ Hussey ",61,1796,1980,1
"256","MA Atherton ",54,1791,3054,2
"257","Mashrafe Mortaza ",158,1787,2041,0
"258","MM Ali ",83,1783,1713,3
"259","MS Wade ",80,1777,2164,1
"260","IA Healy ",120,1764,2104,0
"261","KD Karthik ",79,1752,2392,0
"262","Sir RJ Hadlee ",98,1751,2319,0
"263","Soumya Sarkar ",54,1728,1753,2
"264","Imam-ul-Haq ",37,1723,2141,7
"265","Imran Farhat ",58,1719,2489,1
"266","CB Wishart ",82,1719,2436,2
"267","Rashid Latif ",117,1709,2237,0
"268","DA Gunawardene ",61,1708,2389,1
"269","AT Rayudu ",50,1694,2143,3
"270","ND McKenzie ",55,1688,2432,2
"271","NC Johnson ",48,1679,2389,4
"272","BA Young ",73,1668,2733,0
"273","UDU Chandana ",111,1627,2229,0
"274","CK Kapugedera ",84,1624,2254,0
"275","Haris Sohail ",40,1614,1895,2
"276","E Lewis ",48,1610,1919,3
"277","GM Turner ",40,1598,2348,3
"278","LPC Silva ",62,1587,2254,1
"279","Najibullah Zadran ",62,1586,1765,1
"280","SC Williams ",55,1586,2402,1
"281","Saleem Elahi ",47,1579,2214,4
"282","RL Dias ",55,1573,2315,2
"283","N Dickwella ",49,1571,1679,2
"284","DR Smith ",89,1560,1683,0
"285","UT Khawaja ",39,1554,1848,2
"286","IK Pathan ",87,1544,1941,0
"287","RN ten Doeschate ",32,1541,1757,5
"288","MR Marsh ",53,1539,1673,1
"289","DL Houghton ",60,1530,2155,1
"290","LRD Mendis ",74,1527,2034,0
"291","Azhar Mahmood ",110,1521,1988,0
"292","RS Morton ",51,1519,2289,2
"293","JJ Crowe ",71,1518,2456,0
"294","JM Kemp ",66,1512,1819,1
"295","RD Shah ",55,1506,2298,1
"296","MA Ouma ",77,1501,2525,0
"297","HJH Marshall ",62,1454,1990,1
"298","DD Ebrahim ",76,1443,2540,1
"299","SO Hetmyer ",42,1430,1338,5
"300","Nasir Jamshed ",48,1418,1881,3
"301","HA Gomes ",64,1415,2578,1
"302","N Boje ",71,1414,1594,2
"303","MO Odumbe ",59,1409,2014,0
"304","P Utseya ",132,1406,2410,0
"305","L Ronchi ",68,1397,1220,1
"306","KM Jadhav ",52,1389,1367,2
"307","GP Howarth ",65,1384,2301,0
"308","JD Ryder ",42,1362,1429,3
"309","BC Broad ",34,1361,2447,1
"310","DO Obuya ",73,1355,2135,0
"311","Asad Shafiq ",58,1336,1979,0
"312","PG Fulton ",46,1334,1833,1
"313","Sabbir Rahman ",59,1333,1461,1
"314","HM Nicholls ",47,1329,1625,1
"315","KMDN Kulasekara ",123,1327,1629,0
"316","JR Hopes ",61,1326,1415,0
"317","SM Katich ",42,1324,1926,1
"318","Javed Omar ",59,1312,2528,0
"319","Raqibul Hasan ",54,1308,2133,0
"320","AA Obanda ",45,1306,1764,0
"321","MS Sinclair ",50,1304,2086,2
"322","PN Kirsten ",40,1293,2308,0
"323","JDS Neesham ",54,1286,1314,0
"324","J Charles ",48,1283,1531,2
"325","MJ Prior ",62,1282,1670,0
"326","Nasir Hossain ",52,1281,1605,1
"327","TM Head ",39,1273,1414,1
"328","NR Mongia ",96,1272,1845,0
"329","C Munro ",53,1271,1214,0
"330","JEC Franklin ",80,1270,1651,0
"331","AB Agarkar ",113,1269,1574,0
"332","Shoaib Mohammad ",58,1269,2492,1
"333","Basit Ali ",43,1265,1669,1
"334","MN Waller ",72,1259,1639,0
"335","MD Gunathilaka ",37,1249,1454,2
"336","SP O'Donnell ",64,1242,1534,0
"337","KL Rahul ",31,1239,1423,4
"338","RR Rossouw ",35,1239,1313,3
"339","Harbhajan Singh ",128,1237,1526,0
"340","SG Law ",51,1237,1643,1
"341","Alok Kapali ",66,1235,1817,1
"342","GM Hamilton ",38,1231,1847,2
"343","D Mongia ",51,1230,1721,1
"344","CR Woakes ",69,1226,1358,0
"345","RW Marsh ",76,1225,1489,0
"346","HDPK Dharmasena ",87,1222,1879,0
"347","Shaiman Anwar ",40,1219,1477,1
"348","Noor Ali Zadran ",50,1216,1923,1
"349","TM Moody ",64,1211,1747,0
"350","Junaid Siddique ",53,1196,1753,1
"351","Mohammad Rafique ",106,1191,1663,0
"352","B Lee ",110,1176,1407,0
"353","JA Rudolph ",39,1174,1725,0
"354","Nawroz Mangal ",48,1139,1512,2
"355","MH Cross ",48,1136,1536,2
"356","T Mishra ",40,1128,1534,0
"357","PL Mommsen ",42,1115,1615,2
"358","MF Maharoof ",75,1113,1294,0
"359","CJ Anderson ",45,1109,1020,1
"360","HS Modi ",56,1109,1906,0
"361","ES Szwarczynski ",40,1102,1615,0
"362","VS Solanki ",46,1097,1504,2
"363","B Zuiderent ",56,1097,1873,0
"364","PA Strang ",73,1090,1651,0
"365","G Boycott ",34,1082,2020,1
"366","Liton Das ",36,1079,1133,3
"367","F Behardien ",49,1074,1097,0
"368","NL McCullum ",62,1070,1220,0
"369","Asif Mujtaba ",55,1068,1671,1
"370","DW Randall ",45,1067,1702,0
"371","Hashmatullah Shahidi ",39,1062,1667,0
"372","DS Smith ",45,1059,1506,1
"373","JK Kamande ",72,1055,1685,0
"374","IDS Smith ",77,1055,1061,0
"375","C Kieswetter ",40,1054,1172,1
"376","Anamul Haque ",35,1052,1488,3
"377","MP Stoinis ",38,1050,1143,1
"378","KD Mills ",101,1047,1282,0
"379","JM How ",37,1046,1572,1
"380","Gulbadin Naib ",56,1041,1424,0
"381","AD Russell ",47,1034,794,0
"382","JP Faulkner ",52,1032,990,1
"383","DSBP Kuruppu ",52,1022,1978,0
"384","AG Prince ",41,1018,1502,0
"385","SK Warne ",107,1018,1413,0
"386","SM Patil ",42,1005,1223,0
"387","KOA Powell ",44,1005,1278,0
"388","Rajin Saleh ",43,1005,1833,1
"389","PW Borren ",50,1004,1176,0
"390","NFI McCallum ",42,1002,1451,2
"391","Khaled Mahmud ",72,991,1461,0
"392","BL Cairns ",65,987,941,0
"393","MJ Slater ",42,987,1634,0
"394","MJ Horne ",48,980,1515,0
"395","Akram Khan ",44,976,1721,0
"396","TLW Cooper ",22,976,1391,1
"397","Javed Ahmadi ",41,976,1291,0
"398","Naeem Islam ",51,975,1473,0
"399","DF Watts ",35,974,1559,1
"400","Waqar Younis ",139,969,1445,0
"401","Fawad Alam ",36,966,1297,1
"402","SA Thomson ",52,964,1427,0
"403","JF Mooney ",55,963,1215,0
"404","GM Ritchie ",42,959,1479,0
"405","HH Pandya ",38,957,828,0
"406","RR Watson ",35,956,1286,1
"407","MD Marshall ",83,955,1246,0
"408","SF Mire ",47,955,1190,1
"409","Imad Wasim ",39,952,868,0
"410","MG Johnson ",91,951,987,0
"411","RS Madugalle ",56,950,1574,0
"412","NT Broom ",39,943,1161,1
"413","A Kumble ",136,938,1536,0
"414","CM Spearman ",50,936,1202,0
"415","RV Uthappa ",42,934,1031,0
"416","N Pooran ",23,932,875,1
"417","W Barresi ",31,927,1225,1
"418","AN Kervezee ",36,924,1263,0
"419","MJ Santner ",56,924,1046,0
"420","S Dhaniram ",41,915,1126,0
"421","AJ Hall ",56,905,1206,0
"422","Rashid Khan ",56,905,906,0
"423","DM de Silva ",42,895,1154,0
"424","TD Paine ",35,890,1257,1
"425","JWA Taylor ",26,887,1107,1
"426","AT Carey ",32,884,969,0
"427","J Srinath ",121,883,1109,0
"428","Yashpal Sharma ",40,883,1401,0
"429","TT Bresnan ",64,871,965,0
"430","SHT Kandamby ",36,870,1250,0
"431","AC Voges ",28,870,998,1
"432","DJ Richardson ",77,868,1298,0
"433","MA Vermeulen ",43,868,1227,0
"434","HK Badani ",36,867,1180,1
"435","GO Jones ",43,862,1117,0
"436","TT Samaraweera ",42,862,1244,2
"437","SB Smith ",24,861,1319,2
"438","DL Amiss ",18,859,1185,4
"439","RA Harper ",73,855,1162,0
"440","WB Phillips ",41,852,994,0
"441","CWJ Athey ",30,848,1495,2
"442","RS Kalpage ",69,844,1320,0
"443","MAR Samarasekera ",39,844,1207,0
"444","D Ganga ",34,843,1414,0
"445","CA Ingram ",29,843,1024,3
"446","BM McMillan ",52,841,1147,1
"447","CK Coventry ",35,831,937,1
"448","Anshuman Rath ",18,828,1080,1
"449","PJ Moor ",45,827,1225,0
"450","DW Hookes ",36,826,1146,0
"451","PJ Hughes ",24,826,1100,2
"452","AI Kallicharran ",28,826,1329,0
"453","JR Ratnayeke ",69,824,1571,0
"454","GN Yallop ",27,823,1288,0
"455","Muhammad Usman ",32,818,1074,0
"456","AC Waller ",38,818,1172,0
"457","Sharjeel Khan ",25,812,716,1
"458","YK Pathan ",41,810,713,2
"459","JM Davison ",32,799,767,1
"460","Aminul Islam ",39,794,1403,0
"461","Z Khan ",101,792,1078,0
"462","GB Hogg ",65,790,1005,0
"463","Majid Khan ",22,786,1052,1
"464","S Wettimuny ",33,786,1636,0
"465","Babar Hayat ",22,784,999,0
"466","R Lamba ",31,783,1166,1
"467","IH Romaine ",34,783,1222,1
"468","JA Morkel ",43,782,780,0
"469","Wasim Raja ",45,782,1168,0
"470","Abdur Razzak ",97,779,1020,0
"471","AR White ",46,776,1235,0
"472","Saleem Yousuf ",62,768,1024,0
"473","CN Evans ",47,764,1006,0
"474","Rizwan Cheema ",32,764,685,0
"475","KWR Fletcher ",22,757,1134,1
"476","J Dyson ",27,755,1553,0
"477","Rohan Mustafa ",35,754,1091,1
"478","SS Iyer ",16,748,742,1
"479","AR Cusack ",47,745,1159,0
"480","AG Cremer ",71,744,1196,0
"481","G Fowler ",26,744,1321,0
"482","DT Johnston ",53,743,785,0
"483","Manzoor Elahi ",46,741,827,0
"484","AM Samad ",27,740,1045,1
"485","A Vala ",27,739,1082,1
"486","PA Patel ",34,736,962,0
"487","Sohaib Maqsood ",25,735,881,0
"488","MW Machan ",22,734,952,1
"489","CJ Nevin ",36,732,1000,0
"490","C de Grandhomme ",33,722,654,0
"491","CJ Tavare ",28,720,1471,0
"492","TP Ura ",26,718,892,1
"493","MA Ealham ",45,716,1092,0
"494","IJ Harvey ",51,715,811,0
"495","Saqlain Mushtaq ",98,711,1434,0
"496","HE van der Dussen ",16,707,864,0
"497","LJ Wright ",39,707,820,0
"498","Mohammad Rizwan ",28,705,787,2
"499","J Mubarak ",37,704,1115,0
"500","PA Wallace ",33,701,1151,1
"501","SM Ervine ",34,698,816,1
"502","PL Symcox ",54,694,830,0
"503","Rameez Shahzad ",15,691,817,2
"504","PAJ DeFreitas ",66,690,823,0
"505","FDM Karunaratne ",27,683,920,0
"506","N Deonarine ",29,682,989,0
"507","Wahab Riaz ",64,680,787,0
"508","TG Southee ",86,679,696,0
"509","JR Murray ",36,678,929,0
"510","R Ashwin ",61,675,776,0
"511","Nizakat Khan ",20,675,814,0
"512","M Muralitharan ",162,674,869,0
"513","IM Chappell ",16,673,874,0
"514","DA Marillier ",41,672,949,1
"515","R Powell ",31,670,806,1
"516","UC Hathurusingha ",33,669,1318,0
"517","AC Botha ",38,666,970,0
"518","CJ Ferguson ",25,663,777,0
"519","WIA Fernando ",18,653,676,2
"520","RW Chakabva ",38,646,1085,0
"521","LE Plunkett ",50,646,629,0
"522","S Ramesh ",24,646,1092,0
"523","AK Markram ",24,643,755,0
"524","Qasim Umar ",31,642,1125,0
"525","Abdul Qadir ",68,641,849,0
"526","DL Hemp ",22,641,912,1
"527","CEL Ambrose ",96,639,985,0
"528","BMAJ Mendis ",44,636,769,0
"529","JF Reid ",24,633,1084,0
"530","DLS van Bunge ",31,633,953,0
"531","PSP Handscomb ",20,632,649,1
"532","RMH Binny ",49,629,1046,0
"533","GR Larsen ",70,629,970,0
"534","AM Blignaut ",41,626,589,0
"535","DJ Nash ",53,624,940,0
"536","DN Patel ",63,623,868,0
"537","Aqib Ilyas ",11,621,768,2
"538","RR Patel ",35,621,978,0
"539","GRJ Matthews ",50,619,911,0
"540","R Mutumbami ",34,618,847,0
"541","WV Raman ",27,617,1109,1
"542","GJ Rennie ",37,617,928,0
"543","SFAF Bacchus ",26,612,928,0
"544","RJ Ratnayake ",55,612,705,0
"545","J Botha ",50,609,710,0
"546","D Gough ",87,609,947,0
"547","AJ Hollioake ",30,606,807,0
"548","RIC Holder ",31,599,876,0
"549","RT Robinson ",26,597,1026,0
"550","XM Marshall ",37,596,902,1
"551","BM Laird ",23,594,1105,1
"552","Mansoor Akhtar ",35,593,1148,0
"553","W Larkins ",24,591,1047,1
"554","LOB Cann ",25,590,504,0
"555","AU Rashid ",44,590,584,0
"556","RJ Nicol ",21,586,776,2
"557","SB Joshi ",45,584,653,0
"558","RT Latham ",33,583,1008,0
"559","Khurram Khan ",16,582,725,1
"560","JL Carter ",28,581,822,0
"561","GH Dockrell ",57,579,835,0
"562","DAS Gunaratne ",25,575,724,1
"563","BJ Hodge ",21,575,657,1
"564","Mohammad Mithun ",23,575,718,0
"565","MJR Rindel ",22,575,860,1
"566","Tushar Imran ",40,574,970,0
"567","BJ Watling ",25,573,838,0
"568","C White ",41,568,928,0
"569","SL Malinga ",119,567,761,0
"570","RM Haq ",40,566,931,0
"571","KS More ",65,563,808,0
"572","AL Phehlukwayo ",34,563,643,0
"573","HG Munsey ",25,562,732,0
"574","CR Brathwaite ",37,559,614,1
"575","Mominul Haque ",26,557,749,0
"576","Aamer Malik ",23,556,989,0
"577","RJ Peterson ",41,556,688,0
"578","GS Blewett ",30,551,889,0
"579","JN Mohammed ",24,551,795,0
"580","Mosaddek Hossain ",30,549,633,0
"581","TJ Friend ",39,548,724,0
"582","T Duffin ",23,546,993,0
"583","Mohammad Wasim ",25,543,1043,0
"584","AP Kuiper ",23,539,662,0
"585","P Willey ",24,538,855,0
"586","MC Snedden ",54,535,843,0
"587","Athar Ali Khan ",19,532,945,0
"588","IS Billcliff ",19,529,793,0
"589","SCJ Broad ",68,529,709,0
"590","NN Odhiambo ",53,528,737,0
"591","B Kumar ",52,526,703,0
"592","Naved-ul-Hasan ",51,524,620,0
"593","Amjad Ali ",17,520,680,0
"594","RL Chase ",23,520,679,0
"595","LK Germon ",31,519,787,0
"596","Mudassar Bukhari ",34,516,671,0
"597","TAM Siriwardana ",24,516,525,0
"598","KM Dabengwa ",34,514,851,0
"599","PK Amre ",30,513,799,0
"600","Dawlat Zadran ",56,513,664,0
"601","KD Walters ",24,513,732,0
"602","JG Bracewell ",43,512,717,0
"603","DP Viljoen ",43,512,827,0
"604","JM Brearley ",24,510,1120,0
"605","WD Parnell ",38,508,648,0
"606","RR Hendricks ",21,507,665,1
"607","AO Suji ",46,506,977,0
"608","AN Petersen ",19,504,610,0
"609","Taufeeq Umar ",22,504,895,0
"610","PR Reiffel ",57,503,709,0
"611","AR Nurse ",40,502,513,0
"612","JE Emburey ",45,501,664,0
"613","Ghulam Shabber ",23,500,800,0
"614","GP Swann ",48,500,553,0
"615","JH Davey ",28,497,742,0
"616","JJ Tucker ",26,496,726,0
"617","DJ Callaghan ",25,493,726,1
"618","H Klaasen ",16,493,520,1
"619","MK Pandey ",21,492,535,1
"620","Naimur Rahman ",27,488,771,0
"621","JWM Dalrymple ",26,487,672,0
"622","AC Cummins ",49,486,586,0
"623","R McLaren ",41,485,680,0
"624","MRJ Veletta ",19,484,642,0
"625","CS Baugh ",35,482,719,0
"626","AA Mulla ",24,482,595,0
"627","SR Patel ",22,482,517,0
"628","CD Wallace ",24,482,527,0
"629","DJ Reekers ",19,481,411,1
"630","TN de Grooth ",32,480,774,0
"631","DA Minors ",20,478,791,0
"632","BG Rogers ",15,478,689,0
"633","S Lee ",35,477,500,0
"634","Karim Sadiq ",22,475,587,2
"635","MA Leask ",28,474,437,0
"636","CA Best ",23,473,690,1
"637","AJ Bichel ",36,471,600,0
"638","L Siaka ",25,471,626,1
"639","H Patel ",23,468,584,0
"640","MD Shanaka ",19,468,404,0
"641","CH Morris ",27,467,465,0
"642","ALF de Mel ",41,466,595,0
"643","AO Malhotra ",19,457,645,0
"644","Umar Gul ",65,457,642,0
"645","C Sharma ",35,456,504,1
"646","GEF Barnett ",22,455,745,0
"647","R Gunasekera ",19,455,677,0
"648","MD Dai ",18,454,585,0
"649","Minhajul Abedin ",26,453,909,0
"650","Mehrab Hossain ",18,449,763,1
"651","SW Ambris ",12,447,460,1
"652","JL Denly ",13,446,629,0
"653","TE Blain ",38,442,662,0
"654","SAR Silva ",20,441,838,0
"655","GR Viswanath ",23,439,830,0
"656","JP Maher ",20,438,673,0
"657","AH Omarshah ",28,437,860,0
"658","PL Taylor ",47,437,583,0
"659","DN Chudasama ",19,434,685,1
"660","CJ McDermott ",78,432,492,0
"661","CJO Smith ",26,432,640,0
"662","Shafiqullah ",21,430,408,0
"663","DR Pringle ",30,425,616,0
"664","MN van Wyk ",17,425,617,0
"665","AK Sharma ",27,424,469,0
"666","RC Russell ",31,423,638,0
"667","AS Hansra ",22,421,725,0
"668","S Prasanna ",37,421,445,0
"669","SMA Priyanjan ",20,420,522,0
"670","AR Adams ",34,419,417,0
"671","SR Waters ",20,419,751,0
"672","Aaron Jones ",13,416,646,0
"673","CO Browne ",32,415,590,0
"674","Farhad Reza ",31,412,636,0
"675","Usman Ghani ",15,411,520,1
"676","GB Brent ",54,408,698,0
"677","CB Lambert ",12,407,540,1
"678","RW Price ",59,406,701,0
"679","IR Bishop ",44,405,776,0
"680","EA Brandes ",41,404,448,0
"681","ID Blackwell ",29,403,465,0
"682","F Mutizwa ",15,403,502,0
"683","JP Bray ",15,401,594,2
"684","RG de Alwis ",27,401,512,0
"685","S Madan Lal ",35,401,645,0
"686","TBM de Leede ",25,400,628,0
"687","WS Jayantha ",17,400,530,0
"688","Mushtaq Ahmed ",76,399,698,0
"689","Sohail Tanvir ",40,399,458,0
"690","DR Chumney ",21,397,595,0
"691","Mohammad Naveed ",34,397,323,0
"692","IA Karim ",9,396,522,2
"693","AB Barath ",14,394,612,1
"694","Shoaib Akhtar ",84,394,538,0
"695","Mehidy Hasan Miraz ",26,393,508,0
"696","T Thushara ",27,392,424,0
"697","PJ Ongondo ",62,391,621,0
"698","Mirwais Ashraf ",38,387,543,0
"699","AF Giles ",35,385,551,0
"700","Hannan Sarkar ",20,383,713,0
"701","Sadiq Mohammad ",19,383,755,0
"702","MH Dekker ",22,379,798,0
"703","DM Wellham ",17,379,699,0
"704","S Bau ",21,378,602,0
"705","U Bhatti ",30,378,513,0
"706","GF Lawson ",52,378,500,0
"707","MR Ramprakash ",18,376,544,0
"708","Al Sahariar ",29,374,709,0
"709","CC Lewis ",40,374,459,0
"710","RR Pant ",14,374,361,0
"711","SMH Kirmani ",31,373,616,0
"712","DS de Silva ",29,371,691,0
"713","MA Starc ",51,371,424,0
"714","S Chattergoon ",17,370,615,0
"715","PJ Forrest ",14,368,561,1
"716","DW Steyn ",51,365,562,0
"717","WM Darling ",18,363,679,0
"718","Mohammad Amir ",30,363,444,0
"719","SP Narine ",45,363,441,0
"720","SS Karim ",27,362,560,0
"721","R Rampaul ",40,362,472,0
"722","Shahriar Hossain ",19,362,682,0
"723","Asif Ali ",14,361,280,0
"724","DG Brownlie ",15,361,486,0
"725","Hazratullah Zazai ",16,361,409,0
"726","WK McCallan ",28,361,419,0
"727","RC Irani ",30,360,549,0
"728","Mushfiqur Rahman ",25,360,690,0
"729","BJ Patel ",25,360,736,0
"730","Chirag Suri ",17,355,635,0
"731","AD Brown ",16,354,427,1
"732","ADS Fletcher ",25,354,549,0
"733","Nasir Jamal ",14,352,537,0
"734","Wajahatullah Wasti ",15,349,713,0
"735","Zahid Fazal ",18,348,584,0
"736","RDB Croft ",36,345,519,0
"737","Ashfaq Ahmed ",16,344,387,0
"738","GP Wickramasinghe ",64,344,543,0
"739","DT Tiripano ",25,343,527,0
"740","DNT Zoysa ",47,343,358,0
"741","HH Kanitkar ",27,339,512,0
"742","M Vijay ",16,339,506,0
"743","BE Congdon ",9,338,472,1
"744","CM Old ",25,338,401,0
"745","Shadab Khan ",22,337,491,0
"746","MG Burgess ",20,336,515,0
"747","NM Hauritz ",32,336,349,0
"748","SD Outerbridge ",23,336,612,0
"749","Tapash Baisya ",41,336,576,0
"750","T Bavuma ",6,335,363,1
"751","SS Pathirana ",14,332,383,0
"752","KA Edwards ",16,331,494,1
"753","Manjural Islam Rana ",21,331,668,0
"754","S Mukuddem ",18,331,650,0
"755","Adnan Mufti ",16,330,409,0
"756","Asif Iqbal ",8,330,466,0
"757","ZE Surkari ",22,328,656,0
"758","DJ Capel ",19,327,479,0
"759","MH Yardy ",24,326,472,0
"760","ML Nkala ",35,324,526,0
"761","Saeed Ajmal ",70,324,535,0
"762","RP Snell ",28,322,330,0
"763","KJJ van Noortwijk ",9,322,428,1
"764","Anwar Ali ",16,321,367,0
"765","CA Walsh ",79,321,451,0
"766","RB McCosker ",14,320,623,0
"767","DR Brown ",24,319,481,0
"768","HP Rinke ",18,317,378,0
"769","P Khadka ",10,315,398,1
"770","Faisal Iqbal ",16,314,519,1
"771","NAM McLean ",34,314,383,0
"772","Mohammad Sami ",46,314,490,0
"773","B Wood ",12,314,647,0
"774","VV Morea ",13,313,460,0
"775","RC Fredericks ",12,311,440,1
"776","BR Hartland ",16,311,623,0
"777","N Chopra ",26,310,498,0
"778","BC Hollioake ",17,309,381,0
"779","Nafees Iqbal ",16,309,568,0
"780","KAJ Roach ",57,308,576,0
"781","Ihsanullah ",16,307,440,0
"782","DM Benkenstein ",20,305,463,0
"783","M Labuschagne ",6,305,323,1
"784","TK Musakanda ",15,304,382,0
"785","LE Bosman ",12,301,305,0
"786","CMW Read ",24,300,410,0
"787","JP Kotze ",8,299,337,1
"788","WKM Benjamin ",52,298,406,0
"789","GS Ballance ",15,297,443,0
"790","PA Nixon ",18,297,347,0
"791","Zahoor Elahi ",14,297,507,0
"792","CJA Amini ",15,296,430,0
"793","DN Crookes ",23,296,412,0
"794","AR McBrine ",28,296,413,0
"795","AJ Pycroft ",19,295,560,0
"796","DR Tuffey ",52,295,372,0
"797","DL Murray ",17,294,468,0
"798","SJ Myburgh ",13,294,339,0
"799","SE Bond ",40,292,384,0
"800","P Kumar ",33,292,331,0
"801","SM Sharif ",33,292,394,0
"802","Tanwir Afzal ",19,292,255,0
"803","RN Lewis ",21,291,367,0
"804","DA Reeve ",21,291,389,0
"805","Mohammad Saifuddin ",13,290,337,0
"806","CS Pandit ",23,290,400,0
"807","Sanwar Hossain ",27,290,597,0
"808","SMSM Senanayake ",33,290,311,0
"809","JN Gillespie ",39,289,367,0
"810","IDR Bradshaw ",34,287,480,0
"811","KM Curran ",11,287,430,0
"812","LG Howell ",12,287,388,0
"813","MD Patel ",13,287,439,0
"814","MK Tiwary ",12,287,403,1
"815","Ahmed Raza ",26,285,503,0
"816","D Lloyd ",8,285,526,1
"817","VJ Marks ",24,285,434,0
"818","JAR Blain ",25,284,517,0
"819","NO Miller ",27,284,359,0
"820","LP van Troost ",20,284,456,0
"821","A Dananjaya ",27,283,411,0
"822","MA Holding ",42,282,377,0
"823","MA Jones ",8,281,401,0
"824","Hasan Ali ",29,280,247,0
"825","S Randiv ",18,280,382,0
"826","CL King ",14,280,267,0
"827","RS Sodhi ",14,280,381,0
"828","DJ Willey ",27,279,339,0
"829","KC Brathwaite ",10,278,483,0
"830","JE Taylor ",42,278,323,0
"831","AV Vadher ",16,278,512,0
"832","Mehrab Hossain jnr ",16,276,642,0
"833","JM Anderson ",79,273,561,0
"834","DT Christian ",18,273,307,0
"835","GH Worker ",10,272,379,0
"836","SW Billings ",12,271,298,0
"837","JW Hastings ",21,271,273,0
"838","Umar Amin ",16,271,392,0
"839","AM Bacher ",13,270,469,0
"840","Jahurul Islam ",13,270,371,0
"841","KBJ Azad ",21,269,400,0
"842","AD Gaekwad ",14,269,509,0
"843","AW Greig ",19,269,378,0
"844","M Morkel ",47,268,354,0
"845","Aaqib Javed ",51,267,456,0
"846","CG Williams ",8,267,324,1
"847","Shamsur Rahman ",10,266,350,0
"848","CA Soper ",19,265,496,0
"849","JM Vince ",11,265,299,0
"850","Afsar Zazai ",16,264,488,0
"851","MH Denness ",11,264,417,0
"852","S Jyoti ",13,264,442,1
"853","SP Patil ",12,263,404,0
"854","HJW Gardiner ",11,262,396,0
"855","Naved Latif ",11,262,417,1
"856","Aizaz Khan ",15,260,374,0
"857","PJ Cummins ",40,260,355,0
"858","K Rabada ",28,259,333,0
"859","KJ Wadsworth ",10,258,334,1
"860","ML Udawatte ",9,257,383,0
"861","SS Dighe ",17,256,421,0
"862","R Edwards ",8,255,349,0
"863","AD Poynter ",16,255,412,0
"864","N Vanua ",20,254,289,0
"865","S Ranatunga ",11,253,526,0
"866","Zeeshan Maqsood ",11,253,327,1
"867","IP Butchart ",16,252,395,0
"868","NM Coulter-Nile ",21,252,262,0
"869","J Edness ",11,252,403,0
"870","JFM Morrison ",15,252,472,0
"871","HA Varaiya ",38,252,489,0
"872","JJ Atkinson ",9,250,398,0
"873","JAH Marshall ",10,250,313,1
"874","CT Radley ",4,250,367,1
"875","AR Caddick ",38,249,395,0
"876","GF Labrooy ",36,249,350,0
"877","JD Campbell ",5,248,214,1
"878","JM Parker ",20,248,403,0
"879","RB Reid ",9,248,448,0
"880","RH Vance ",8,248,481,0
"881","MA Suji ",52,247,526,0
"882","A Turner ",6,247,309,1
"883","K Doriga ",13,246,388,0
"884","Khawar Ali ",11,245,442,0
"885","AD Mascarenhas ",13,245,257,0
"886","SM Davies ",8,244,231,0
"887","IG Holland ",8,244,319,0
"888","RAS Lakmal ",48,244,404,0
"889","Qaiser Ali ",17,244,383,0
"890","RP Burl ",15,243,357,0
"891","BP Patel ",9,243,399,0
"892","PR Downton ",20,242,358,0
"893","Hasan Raza ",13,242,480,0
"894","Simi Singh ",17,242,412,0
"895","MJ Di Venuto ",9,241,281,0
"896","GD Drummond ",20,240,262,0
"897","DK Lillee ",34,240,320,0
"898","CM Wright ",18,240,351,0
"899","Amjad Javed ",13,239,267,0
"900","CRD Fernando ",61,239,392,0
"901","J Garner ",41,239,360,0
"902","T Panyangara ",49,239,463,0
"903","KJ Arnott ",12,238,491,0
"904","DC Thomas ",19,238,364,0
"905","NS Poonia ",21,237,377,0
"906","Enamul Haque ",26,236,479,0
"907","GJ Hopkins ",17,236,311,0
"908","LM Jongwe ",19,236,303,0
"909","Khurram Manzoor ",7,236,375,0
"910","GR Codrington ",15,235,372,0
"911","JP Crawley ",12,235,408,0
"912","Iftikhar Anjum ",34,234,378,0
"913","Ikram Alikhil ",12,234,386,0
"914","P Mustard ",10,233,252,0
"915","AME Roberts ",32,231,357,0
"916","STR Binny ",11,230,246,0
"917","TM Chappell ",13,229,365,1
"918","SHU Karnain ",17,229,386,0
"919","TM Dowlin ",11,228,348,1
"920","DR Flynn ",17,228,360,0
"921","AY Karim ",24,228,375,0
"922","SR Thompson ",15,228,251,0
"923","M Dillon ",51,227,411,0
"924","MG Erasmus ",8,226,297,0
"925","AMJ Hilditch ",8,226,476,0
"926","Raza-ur-Rehman ",5,225,262,0
"927","BP Julian ",17,224,250,0
"928","KR Stackpole ",6,224,387,0
"929","JH Edrich ",6,223,325,0
"930","V Shankar ",8,223,246,0
"931","KM Jarvis ",33,222,337,0
"932","G Malla ",10,222,321,0
"933","BKV Prasad ",63,221,367,0
"934","Sarfraz Nawaz ",31,221,345,0
"935","Wasim Bari ",26,221,431,0
"936","HS Baidwan ",22,220,339,0
"937","DR Lockhart ",11,218,341,0
"938","Y Venugopal Rao ",11,218,363,0
"939","NR Kumar ",15,217,397,0
"940","FA Rose ",23,217,265,0
"941","EO Simons ",18,217,295,0
"942","V Dahiya ",15,216,267,0
"943","WK Lees ",24,215,307,0
"944","KMA Paul ",13,214,238,0
"945","Mohammad Nadeem ",8,212,341,0
"946","NO Perry ",16,212,340,0
"947","FRJ Coleman ",14,211,344,0
"948","MJ Henry ",21,211,211,0
"949","DJM Short ",8,211,269,0
"950","KS Lokuarachchi ",18,210,262,0
"951","CPH Ramanayake ",35,210,374,0
"952","Tahir Naqqash ",23,210,242,0
"953","Mushtaq Mohammad ",9,209,353,0
"954","MHW Papps ",6,207,342,0
"955","DL Bairstow ",20,206,390,0
"956","ZE Green ",8,206,268,0
"957","AR Berenger ",10,205,304,0
"958","PE McEwan ",15,204,346,0
"959","JA Rennie ",27,201,391,0
"960","APE Knott ",14,200,247,0
"961","NW Bracken ",35,199,282,0
"962","AJ Burger ",6,199,198,0
"963","Mohammad Nawaz (3) ",12,199,213,0
"964","Moin-ul-Atiq ",5,199,279,1
"965","M Ntini ",47,199,298,0
"966","TK Curran ",13,198,193,0
"967","Ijaz Faqih ",19,197,351,0
"968","GA Lamb ",14,197,381,0
"969","MR Swart ",11,197,272,0
"970","T Maruma ",18,196,330,0
"971","AP Devcich ",11,195,253,0
"972","GSNFG Jayasuriya ",10,195,273,0
"973","ASA Perera ",13,195,257,0
"974","Akram Raza ",25,193,310,0
"975","PJ Ingram ",7,193,238,0
"976","C Pringle ",41,193,256,0
"977","V Rathour ",7,193,331,0
"978","MM Iqbal ",12,192,360,0
"979","CJ Smith ",12,192,245,0
"980","Abid Ali ",4,191,196,1
"981","DAG Fletcher ",6,191,289,0
"982","TN Madondo ",13,191,331,0
"983","Mohammad Boota ",9,191,252,0
"984","Shabir Noori ",10,191,300,0
"985","PWH de Silva ",13,190,169,0
"986","CJ McKay ",31,190,337,0
"987","Mohammad Shahzad ",6,190,225,0
"988","I Udana ",15,190,200,0
"989","AC Agar ",11,189,212,0
"990","Usman Limbada ",11,189,284,0
"991","BAW Mendis ",42,188,263,0
"992","TJ Murtagh ",36,188,298,0
"993","SR Taylor ",12,186,278,0
"994","JA McCollum ",9,185,269,0
"995","T Mupariwa ",32,185,325,0
"996","SW Poynter ",19,185,278,0
"997","EAE Baptiste ",16,184,241,0
"998","JL Ontong ",16,184,267,0
"999","Saadat Ali ",7,184,341,0
"1000","Sohag Gazi ",16,184,213,0
"1001","SI de Saram ",13,183,270,0
"1002","SJ Benn ",30,182,240,0
"1003","Jatinder Singh ",11,182,342,0
"1004","AR Patel ",20,181,190,0
"1005","Suraj Kumar ",8,181,244,0
"1006","JR Thomson ",30,181,280,0
"1007","SB Bangar ",15,180,239,0
"1008","DG Cork ",21,180,271,0
"1009","WF Stelling ",11,180,272,0
"1010","B Warnapura ",12,180,415,0
"1011","Mazhar Hussain ",7,179,334,0
"1012","DM Richards ",7,179,251,0
"1013","CP Rizwan ",8,179,349,0
"1014","Sandeep Goud ",7,179,210,0
"1015","CT Mutombodzi ",13,177,234,0
"1016","SC Khanna ",10,176,265,0
"1017","TC Bastiampillai ",13,175,301,0
"1018","BR Blair ",14,174,253,0
"1019","GC Dyer ",13,174,227,0
"1020","MD Moxon ",8,174,325,0
"1021","GRJ Roope ",8,173,342,0
"1022","SB Doull ",27,172,188,0
"1023","Hasibul Hossain ",26,172,247,0
"1024","BN Cooper ",6,171,184,0
"1025","RP Lefebvre ",11,171,280,0
"1026","DK Morrison ",43,171,400,0
"1027","D Bau ",10,170,319,0
"1028","PS de Villiers ",36,170,218,0
"1029","CJ Jordan ",23,170,193,0
"1030","SW Masakadza ",11,170,177,0
"1031","J Smits ",19,169,360,0
"1032","RA Jones ",5,168,329,0
"1033","AF Milne ",17,168,165,0
"1034","AR Whittall ",35,168,310,0
"1035","RS Gabriel ",11,167,360,0
"1036","JE Morris ",8,167,225,0
"1037","Haroon Rasheed ",10,166,316,0
"1038","A McGrath ",12,166,353,0
"1039","DES Maxwell ",10,166,238,0
"1040","TL Chatara ",45,165,336,0
"1041","Khurram Chohan ",19,165,285,0
"1042","JF Kloppenburg ",6,165,265,1
"1043","MJ Lumb ",3,165,203,1
"1044","GAHM Parkar ",10,165,332,0
"1045","D Bishoo ",25,164,263,0
"1046","RB Kanhai ",5,164,273,0
"1047","RR Powar ",19,163,260,0
"1048","JT Smuts ",4,163,211,0
"1049","JC Tredwell ",25,163,242,0
"1050","MR Adair ",11,162,170,0
"1051","Faheem Ashraf ",15,162,195,0
"1052","MV Nagamootoo ",18,162,270,0
"1053","JTC Vaughan ",16,162,261,0
"1054","MS Chapman ",6,161,176,1
"1055","CD Cumming ",13,161,301,0
"1056","SKL de Silva ",6,161,193,0
"1057","SC Joseph ",11,161,302,0
"1058","E Schiferli ",22,161,218,0
"1059","HMCM Bandara ",17,160,224,0
"1060","PE Cantrell ",5,160,307,0
"1061","JL Langer ",7,160,180,0
"1062","K Weeraratne ",9,160,177,0
"1063","DS Airee ",10,159,231,0
"1064","Akshay Homraj ",8,159,223,0
"1065","SJ Baard ",8,159,286,0
"1066","TA Boult ",40,159,213,0
"1067","Saleem Raza ",6,159,173,0
"1068","AC Bedade ",10,158,183,0
"1069","DAJ Bracewell ",12,158,214,0
"1070","JJ Martin ",8,158,331,0
"1071","Imran Tahir ",36,157,225,0
"1072","MP Maynard ",12,156,225,0
"1073","B Bhandari ",6,155,228,0
"1074","K Birkenstock ",8,155,265,0
"1075","IJ Gould ",14,155,243,0
"1076","PM Seelaar ",24,155,244,0
"1077","GJ Cosier ",7,154,166,0
"1078","AM Ellis ",12,154,184,0
"1079","Mohammad Hussain ",12,154,136,0
"1080","CJ Richards ",16,154,264,0
"1081","RML Taylor ",14,154,172,0
"1082","C Zhuwao ",9,154,132,0
"1083","CPS Chauhan ",7,153,301,0
"1084","AN Ranasinghe ",8,153,147,0
"1085","Basil Hameed ",5,152,216,0
"1086","DW Fleming ",31,152,221,0
"1087","JN Malan ",3,152,166,1
"1088","MDK Perera ",12,152,199,0
"1089","AJ Redmond ",6,152,259,0
"1090","MW Alleyne ",8,151,255,0
"1091","J Anderson ",8,151,267,0
"1092","RS Gavaskar ",10,151,234,0
"1093","BF Hastings ",9,151,271,0
"1094","VD Philander ",19,151,213,0
"1095","RG Aga ",9,150,209,0
"1096","BB Chari ",11,150,332,0
"1097","NA Foster ",25,150,244,0
"1098","GD Barlow ",6,149,255,0
"1099","AR Khurasiya ",11,149,188,0
"1100","BJ McCarthy ",21,148,247,0
"1101","Khalid Latif ",5,147,228,0
"1102","Mohammed Shami ",36,147,180,0
"1103","Nazimuddin ",11,147,237,0
"1104","GM Strydom ",10,147,225,0
"1105","MRJ Watt ",17,147,202,0
"1106","D Williams ",23,147,242,0
"1107","JA Burns ",6,146,184,0
"1108","SE Findlay ",8,146,194,0
"1109","Sompal Kami ",6,146,164,0
"1110","JN Frylinck ",8,145,144,0
"1111","MP O'Dowd ",2,145,200,0
"1112","R Clarke ",13,144,232,0
"1113","DK Liyanage ",11,144,207,0
"1114","LN Onyango ",18,144,188,0
"1115","JJ Smit ",8,144,222,0
"1116","FA Allen ",12,143,130,0
"1117","Abdur Rehman ",23,142,263,0
"1118","CM Kuggeleijn ",11,142,223,0
"1119","D Langford-Smith ",17,142,133,0
"1120","MB Loye ",7,142,184,0
"1121","NK Patel ",7,142,173,0
"1122","LJ Tucker ",8,142,196,0
"1123","AJ Turner ",5,142,111,0
"1124","K Zondo ",5,142,224,0
"1125","DE Bernard ",12,141,219,0
"1126","ARC Fraser ",20,141,208,0
"1127","OD Gibson ",11,141,138,0
"1128","CR Matthews ",22,141,202,0
"1129","A Nehra ",46,141,246,0
"1130","Shahid Saeed ",10,141,316,0
"1131","VJ Wells ",7,141,253,0
"1132","AF Buurman ",11,140,179,0
"1133","HMRKB Herath ",30,140,217,0
"1134","Rubel Hossain ",52,140,249,0
"1135","JM Wiener ",7,140,324,0
"1136","MV Fleming ",10,139,137,0
"1137","KH MacLeay ",13,139,170,0
"1138","EAR de Silva ",20,138,241,0
"1139","GN Edwards ",6,138,191,0
"1140","KA Hope ",6,138,192,0
"1141","S Samarawickrama ",7,138,165,0
"1142","RJ Bailey ",4,137,196,0
"1143","RM Hogg ",35,137,217,0
"1144","APB Tennekoon ",4,137,207,0
"1145","ST Finn ",30,136,223,0
"1146","G Miller ",18,136,265,0
"1147","LG Rowe ",8,136,244,0
"1148","KD Shah ",10,136,238,0
"1149","R Vijay Bharadwaj ",9,136,194,0
"1150","SRD Wettimuny ",3,136,242,0
"1151","D Pretorius ",10,135,145,0
"1152","PA Browne ",5,134,179,0
"1153","TS Chisoro ",15,134,218,0
"1154","Krishna Chandran ",10,134,274,0
"1155","Shafiul Islam ",34,134,240,0
"1156","Arshad Khan ",29,133,217,0
"1157","MD Bell ",7,133,268,0
"1158","RJ Sidebottom ",18,133,194,0
"1159","RK Chauhan ",18,132,171,0
"1160","D Keulder ",6,132,220,0
"1161","Bazid Khan ",5,131,232,0
"1162","MSK Prasad ",11,131,225,0
"1163","Aarif Sheikh ",9,130,247,0
"1164","K Gore ",10,130,217,0
"1165","Sajid Ali ",12,130,293,0
"1166","RW Taylor ",17,130,312,0
"1167","RJ Trott ",10,130,249,0
"1168","TJ Zoehrer ",15,130,183,0
"1169","W Madhevere ",3,129,143,0
"1170","KTGD Prasad ",12,129,146,0
"1171","BOP Fernando ",6,128,203,0
"1172","FC Hayes ",6,128,235,0
"1173","DT Hondo ",29,127,249,0
"1174","TE Jesty ",10,127,182,0
"1175","A Nel ",22,127,166,0
"1176","Yasir Shah ",13,127,149,0
"1177","Dhiman Ghosh ",12,126,201,0
"1178","M Kartik ",14,126,178,0
"1179","TRO Payne ",4,126,240,0
"1180","CP Senanayake ",7,126,211,0
"1181","PA Jaques ",6,125,176,0
"1182","MC Sorensen ",8,125,155,0
"1183","AIC Dodemaide ",16,124,159,0
"1184","A Maregwede ",11,124,218,0
"1185","JA Samarasekera ",6,124,215,0
"1186","M van Jaarsveld ",7,124,169,0
"1187","LR Williams ",13,124,186,0
"1188","Ziaur Rahman ",11,124,110,0
"1189","CD de Lange ",10,123,200,0
"1190","BM Duckett ",3,123,152,0
"1191","GA Paterson ",10,123,327,0
"1192","J Arun Lal ",13,122,232,0
"1193","RL Bhudia ",5,122,124,0
"1194","CRM Douglas ",2,122,218,0
"1195","BA Parchment ",7,122,217,0
"1196","SK Gupta ",10,121,220,0
"1197","AS Joseph ",13,121,157,0
"1198","GJAF Aponso ",4,120,247,0
"1199","L Balaji ",16,120,152,0
"1200","Shahid Mahboob ",6,119,194,0
"1201","EJ Chatfield ",48,118,346,0
"1202","Kuldeep Yadav ",21,118,188,0
"1203","DBL Powell ",25,118,164,0
"1204","JN Snape ",7,118,173,0
"1205","V Yadav ",12,118,116,0
"1206","DH Brain ",18,117,171,0
"1207","NB Mahwire ",19,117,249,0
"1208","FL Reifer ",8,117,229,0
"1209","A Zampa ",24,117,179,0
"1210","Arshad Ayub ",17,116,162,0
"1211","Azam Khan ",5,116,177,0
"1212","PH Edmonds ",18,116,232,0
"1213","Hamza Tariq ",7,116,157,0
"1214","Tauseef Ahmed ",25,116,216,0
"1215","GK Khoda ",2,115,185,0
"1216","GD McGrath ",68,115,236,0
"1217","MA Carberry ",6,114,180,0
"1218","C Carter ",9,114,186,0
"1219","GR Dilley ",18,114,133,0
"1220","FM Engineer ",4,114,195,0
"1221","KD Ghavri ",16,114,194,0
"1222","MO Jones ",12,113,149,0
"1223","DL Maddy ",6,113,206,0
"1224","Naved Anjum ",12,113,154,0
"1225","MJ Cosgrove ",3,112,116,0
"1226","Haseeb Amjad ",6,112,85,0
"1227","DP Hyatt ",9,112,188,0
"1228","Hasan Jamil ",5,111,120,0
"1229","RDM Leverock ",19,111,382,0
"1230","Shan Masood ",5,111,145,0
"1231","RD Brown ",7,110,334,0
"1232","Rashid Khan ",15,110,173,0
"1233","MG Burmester ",7,109,207,0
"1234","CL Smith ",4,109,240,0
"1235","MJ McClenaghan ",14,108,138,0
"1236","SS McKechnie ",8,108,193,0
"1237","R Murray ",5,108,178,0
"1238","Hamid Hassan ",22,107,195,0
"1239","SJ Rhodes ",8,107,150,0
"1240","G Cook ",6,106,261,0
"1241","CR Foggo ",4,106,174,0
"1242","KO Meth ",8,106,183,0
"1243","Faruk Ahmed ",7,105,273,0
"1244","RK Kleinveldt ",7,105,124,0
"1245","TJ Laughlin ",5,105,160,0
"1246","PM Toohey ",4,105,133,0
"1247","CD Collymore ",35,104,261,0
"1248","D Elgar ",7,104,177,0
"1249","BP Nash ",7,104,141,0
"1250","RP Singh ",20,104,242,0
"1251","MW Priest ",14,103,225,0
"1252","G Toka ",6,103,190,0
"1253","JW Wilson ",6,103,112,0
"1254","Ehsan Khan ",12,102,228,0
"1255","Waqas Barkat ",10,102,184,0
"1256","D Wiese ",6,102,115,0
"1257","Arshad Laeeq ",6,101,215,0
"1258","XJ Doherty ",23,101,184,0
"1259","ERNS Fernando ",5,101,216,0
"1260","RO Hinds ",9,101,170,0
"1261","WR James ",8,101,255,0
"1262","TA Lloyd ",3,101,228,0
"1263","Tabarak Dar ",4,101,175,0
"1264","GB Troup ",12,101,140,0
"1265","K Verreynne ",3,101,120,0
"1266","S Amarnath ",3,100,119,0
"1267","S Elworthy ",16,100,160,0
"1268","AC Evans ",18,100,157,0
"1269","MG Hughes ",17,100,134,0
"1270","WB Rankin ",34,100,239,0
"1271","Shahzaib Hasan ",3,100,113,0
"1272","NMK Smith ",6,100,132,0
"1273","LV Garrick ",3,99,204,0
"1274","AFG Griffith ",8,99,177,0
"1275","Irfan Ahmed ",6,99,125,0
"1276","BC Rose ",2,99,210,0
"1277","Saad Nasim ",3,99,124,0
"1278","HR Walsh ",5,99,115,0
"1279","DCC Borden ",11,98,195,0
"1280","GJ Crocker ",5,98,105,0
"1281","EJ Gray ",7,98,230,0
"1282","LR Johnson ",6,98,175,0
"1283","I Maraj ",6,98,264,0
"1284","Mohammad Ishaq ",5,98,130,0
"1285","GC Small ",24,98,188,0
"1286","Sohrawordi Shuvo ",10,98,135,0
"1287","GM Ewing ",7,97,137,0
"1288","AL Kandappah ",2,97,156,0
"1289","RB Kerr ",4,97,159,0
"1290","BA King ",4,97,144,0
"1291","Manzoor Akhtar ",4,97,147,0
"1292","Azhar Hossain ",7,96,266,0
"1293","MP Bicknell ",6,96,104,0
"1294","RE van der Merwe ",8,96,95,0
"1295","Aamer Yamin ",3,95,96,0
"1296","D Daesrath ",3,95,137,0
"1297","AA Donald ",40,95,279,0
"1298","Mohammad Tauqir ",9,95,164,0
"1299","HK Olonga ",27,95,163,0
"1300","JS Patel ",15,95,162,0
"1301","KL Tucker ",12,95,246,0
"1302","PC de Silva ",7,94,112,0
"1303","VC Drakes ",17,94,174,0
"1304","SP Khakurel ",5,94,186,0
"1305","GFJ Liebenberg ",4,94,199,0
"1306","Mohammed Qasim ",5,94,188,0
"1307","S Abid Ali ",3,93,132,0
"1308","Kabir Ali ",9,93,108,0
"1309","PVD Chameera ",14,93,150,0
"1310","MR Gillespie ",14,93,118,0
"1311","TS Kamunhukamwe ",6,93,134,0
"1312","V Mehra ",6,92,202,0
"1313","JA Richardson ",8,92,104,0
"1314","BC Strang ",26,92,220,0
"1315","SJ Harmison ",25,91,141,0
"1316","JV Harris ",6,91,204,0
"1317","SG Peall ",15,91,150,0
"1318","DP Samaraweera ",4,91,169,0
"1319","RT Lyons ",14,90,147,0
"1320","GB Murgatroyd ",6,90,145,0
"1321","A Nao ",11,90,83,0
"1322","A Ratra ",8,90,127,0
"1323","Aamer Hanif ",4,89,128,0
"1324","Bilawal Bhatti ",7,89,75,0
"1325","JJ van der Wath ",8,89,70,0
"1326","V Aravind ",6,88,100,0
"1327","VB Chandrasekhar ",7,88,162,0
"1328","Raees Ahmadzai ",4,88,137,0
"1329","AJ Traicos ",17,88,175,0
"1330","Anil Dalpat ",10,87,136,0
"1331","H Hiri ",7,87,137,0
"1332","K Jethi ",3,87,79,0
"1333","RM Ellison ",12,86,110,0
"1334","BD Julien ",8,86,148,0
"1335","EH Mattis ",2,86,190,0
"1336","AD Mullally ",25,86,238,0
"1337","RK Paudel ",5,86,112,0
"1338","R Vinay Kumar ",13,86,146,0
"1339","BV Vitori ",14,86,90,0
"1340","W Watson ",24,86,180,0
"1341","PB Dassanayake ",10,85,142,0
"1342","PJC Hoffmann ",14,85,69,0
"1343","KAD Hurdle ",13,85,101,0
"1344","SI Mahmood ",15,85,101,0
"1345","KJ Barnett ",1,84,146,0
"1346","IG Butler ",13,84,154,0
"1347","SS Cottrell ",17,84,112,0
"1348","SF Dukanwala ",4,84,139,0
"1349","VB John ",19,84,152,0
"1350","GI Maiden ",6,84,133,0
"1351","Saqib Ali ",5,84,129,0
"1352","PP Shaw ",3,84,82,0
"1353","Younis Ahmed ",2,84,151,0
"1354","OAC Banks ",5,83,149,0
"1355","GH Bodi ",2,83,132,0
"1356","AG Davies ",5,83,154,0
"1357","LHD Dilhara ",9,83,107,0
"1358","R Strydom ",6,83,155,0
"1359","RGD Willis ",22,83,157,0
"1360","RR David ",3,82,170,0
"1361","C Hemraj ",6,82,98,0
"1362","LJ Koen ",5,82,169,0
"1363","DB Kotze ",6,82,135,0
"1364","Nasir Aziz ",3,82,125,0
"1365","RD Robinson ",2,82,143,0
"1366","MC Henriques ",10,81,119,0
"1367","Mahbubul Alam ",2,81,71,0
"1368","AM Phangiso ",13,81,162,0
"1369","GA Rogers ",8,81,169,0
"1370","Shahid Wasif ",7,81,163,0
"1371","IS Sodhi ",14,81,104,0
"1372","S Sriram ",7,81,135,0
"1373","Syed Rasel ",27,81,185,0
"1374","JNT Vare ",9,81,110,0
"1375","Jai P Yadav ",7,81,123,0
"1376","Aftab Alam ",17,80,107,0
"1377","G Goudie ",11,80,99,0
"1378","TR Gripper ",8,80,187,0
"1379","Hammad Azam ",7,80,131,0
"1380","PWE Rawson ",8,80,123,0
"1381","SK Sharma ",12,80,135,0
"1382","TD Astle ",5,79,77,0
"1383","S Badrinath ",6,79,172,0
"1384","SN Netravalkar ",11,79,109,0
"1385","Shahadat Hossain ",27,79,151,0
"1386","MHN Walker ",11,79,170,0
"1387","UT Yadav ",24,79,134,0
"1388","AC Dale ",12,78,136,0
"1389","MF Kent ",5,78,133,0
"1390","Kushal Malla ",2,78,75,0
"1391","S Lamichhane ",8,78,105,0
"1392","Mustafizur Rahman ",27,78,136,0
"1393","MW Rushmere ",4,78,174,0
"1394","Sami Aslam ",4,78,117,0
"1395","MH Tissera ",3,78,147,0
"1396","NM Lyon ",14,77,83,0
"1397","SN Thakur ",6,77,53,0
"1398","KJ Abbott ",13,76,126,0
"1399","TL Best ",16,76,125,0
"1400","EH Hutchinson ",5,75,64,0
"1401","CA Lynn ",4,75,89,0
"1402","KW Richardson ",12,75,68,0
"1403","AP Sheahan ",3,75,124,0
"1404","KDK Vithanage ",6,75,90,0
"1405","NG Jones ",9,74,102,0
"1406","MS Kasprowicz ",13,74,89,0
"1407","PWA Mulder ",8,74,89,0
"1408","MM Patel ",27,74,112,0
"1409","Yasir Arafat ",8,74,110,0
"1410","FH Edwards ",22,73,160,0
"1411","CK Langeveldt ",21,73,124,0
"1412","EB McSweeney ",14,73,119,0
"1413","GR Sealy ",3,73,149,0
"1414","CS Serjeant ",3,73,158,0
"1415","R Telemachus ",15,73,94,0
"1416","AL Wadekar ",2,73,90,0
"1417","DS Weerakkody ",3,73,66,0
"1418","G Blakeney ",2,72,69,0
"1419","TG Hogan ",12,72,95,0
"1420","BA Murphy ",17,72,130,0
"1421","TK Patel ",7,72,149,0
"1422","OL Pitcher ",5,72,217,0
"1423","I Sharma ",28,72,203,0
"1424","S Viswanath ",12,72,139,0
"1425","CJ Adams ",4,71,144,0
"1426","DI Allan ",5,71,153,0
"1427","SA Edwards ",3,71,81,0
"1428","MJG Rippon ",4,71,112,0
"1429","JDF Vandersay ",7,71,166,0
"1430","KED Carroll ",6,70,126,0
"1431","SR Gillespie ",11,70,106,0
"1432","Shuvagata Hom ",3,70,86,0
"1433","MJ Smith ",5,70,159,0
"1434","RD Steede ",7,70,142,0
"1435","Ashraf Ali ",9,69,135,0
"1436","SR Clark ",12,69,88,0
"1437","AC Dawson ",7,69,67,0
"1438","Y Goonasekera ",3,69,104,0
"1439","Mujeeb Ur Rahman ",21,69,79,0
"1440","TP Visee ",2,69,56,0
"1441","FS Crockwell ",2,68,104,0
"1442","TGJ Gruijters ",4,68,116,0
"1443","OJ Hairs ",5,68,100,0
"1444","Iftikhar Ahmed ",4,68,73,0
"1445","RK Illingworth ",11,68,119,0
"1446","Junaid Khan ",31,68,127,0
"1447","SO Ngoche ",12,68,119,0
"1448","Nurul Hasan ",2,68,70,0
"1449","M Sheikh ",15,68,123,0
"1450","SJ Cook ",4,67,118,0
"1451","SG Davies ",4,67,173,0
"1452","Junaid Siddiqui ",8,67,144,0
"1453","N Madziva ",12,67,138,0
"1454","HJC Mol ",9,67,183,0
"1455","Nadeem Ahmed ",16,67,151,0
"1456","V Pollard ",2,67,145,0
"1457","Shapoor Zadran ",27,67,160,0
"1458","Waqas Khan ",5,67,137,0
"1459","PR Adams ",9,66,124,0
"1460","Akhtar Sarfraz ",4,66,99,0
"1461","RJ Bright ",8,66,122,0
"1462","Sharafuddin Ashraf ",10,66,100,0
"1463","OO Bascome ",6,65,145,0
"1464","KCG Benjamin ",13,65,80,0
"1465","RD King ",23,65,203,0
"1466","RG Petrie ",8,65,109,0
"1467","Saeed Azad ",4,65,131,0
"1468","VA Holder ",6,64,85,0
"1469","H Osinde ",28,64,130,0
"1470","KF Semple ",6,64,165,0
"1471","LH Ferguson ",16,63,132,0
"1472","RO Hussain ",8,63,143,0
"1473","PD McGlashan ",2,63,51,0
"1474","MQ Sheikh ",7,63,140,0
"1475","Taijul Islam ",5,63,78,0
"1476","Adnan Akmal ",4,62,89,0
"1477","SD Anurasiri ",18,62,143,0
"1478","DE Budge ",3,62,70,0
"1479","PG Coman ",3,62,104,0
"1480","CE Cuffy ",22,62,125,0
"1481","JB Reva ",7,62,83,0
"1482","Shaheedur Rahman ",2,62,108,0
"1483","CAH Stevenson ",7,62,91,0
"1484","Azhar Saeed ",7,61,195,0
"1485","Dolar Mahmud ",4,61,44,0
"1486","BT Foakes ",1,61,76,0
"1487","MN Hart ",8,61,101,0
"1488","JD Love ",3,61,100,0
"1489","EO Odumbe ",7,61,150,0
"1490","DR Parry ",5,61,77,0
"1491","Shakeel Ahmed jnr ",2,61,128,0
"1492","L Sreekumar ",4,61,73,0
"1493","ELR Stewart ",6,61,116,0
"1494","DS Wesonga ",4,61,108,0
"1495","RM West ",4,61,41,0
"1496","GE Bradburn ",10,60,130,0
"1497","JJ Celestine ",8,60,135,0
"1498","ST Clarke ",8,60,58,0
"1499","Humayun Farhat ",3,60,56,0
"1500","JA Jameson ",3,60,158,0
"1501","NC McGarrell ",10,60,98,0
"1502","Naseem Khushi ",4,60,40,0
"1503","Abdul Jabbar ",2,59,82,0
"1504","WD Balaji Rao ",8,59,89,0
"1505","Gazi Ashraf ",7,59,239,0
"1506","MBS Jonkman ",9,59,79,0
"1507","MA Parker ",8,59,104,0
"1508","S Vesawkar ",2,59,123,0
"1509","RO Butcher ",3,58,68,0
"1510","Imran Haider ",14,58,136,0
"1511","TMK Mawoyo ",7,58,160,0
"1512","D Murphy ",7,58,118,0
"1513","Saqlain Haider ",4,58,77,0
"1514","M van Schoor ",5,58,111,0
"1515","BM Wheeler ",4,58,47,0
"1516","B Yardley ",4,58,98,0
"1517","KD Boyce ",4,57,77,0
"1518","Ehsanul Haque ",6,57,129,0
"1519","Frasat Ali ",3,57,176,0
"1520","CB Mpofu ",41,57,210,0
"1521","G Salmond ",5,57,109,0
"1522","AJ Tye ",7,57,48,0
"1523","RS Haire ",2,56,72,0
"1524","JK Lever ",11,56,152,0
"1525","NM Odhiambo ",6,56,121,0
"1526","Sohail Fazal ",2,56,59,0
"1527","LL Tsotsobe ",21,56,109,0
"1528","MA Wood ",17,56,63,0
"1529","MW Douglas ",6,55,123,0
"1530","FY Fazal ",1,55,61,0
"1531","J Figy ",2,55,73,0
"1532","TV Mufambisi ",6,55,90,0
"1533","Najmul Hossain Shanto ",5,55,93,0
"1534","SJ Palframan ",4,55,80,0
"1535","EC Rainsford ",23,55,134,0
"1536","SK Ranasinghe ",3,55,81,0
"1537","Abdul Shakoor ",3,54,102,0
"1538","Arshad Ali ",4,54,102,0
"1539","RJ Campbell ",2,54,70,0
"1540","RD Jackman ",9,54,93,0
"1541","RWT Key ",5,54,135,0
"1542","J Kila ",6,54,63,0
"1543","BJ McKechnie ",8,54,145,0
"1544","Mohammad Iqbal ",5,54,80,0
"1545","JV Paranjpe ",4,54,91,0
"1546","RG Samuels ",5,54,63,0
"1547","RK Sethi ",3,54,185,0
"1548","S Venkataraghavan ",9,54,126,0
"1549","BCJ Cutting ",2,53,67,0
"1550","DDP D'Silva ",5,53,119,0
"1551","Ghulam Ali ",3,53,121,0
"1552","Mafizur Rahman ",4,53,104,0
"1553","Manjural Islam ",22,53,134,0
"1554","WP Masakadza ",10,53,125,0
"1555","Mohammad Sharif ",9,53,102,0
"1556","RAP Nissanka ",13,53,140,0
"1557","NA Saini ",2,53,55,0
"1558","DL Underwood ",13,53,133,0
"1559","CAK Walton ",8,53,86,0
"1560","AJ Woodcock ",1,53,67,0
"1561","JE Brinkley ",5,52,118,0
"1562","TK Canning ",4,52,73,0
"1563","JS Malhotra ",5,52,71,0
"1564","B Mavuta ",5,52,47,0
"1565","AK Perera ",4,52,83,0
"1566","N Pokana ",9,52,106,0
"1567","Zahoor Khan ",13,52,77,0
"1568","CS Cowdrey ",3,51,46,0
"1569","D Dasgupta ",4,51,82,0
"1570","AH Gray ",11,51,77,0
"1571","A Mithun ",3,51,55,0
"1572","CA Pujara ",5,51,130,0
"1573","BS Sandhu ",7,51,97,0
"1574","T Banton ",2,50,55,0
"1575","DE Bollinger ",8,50,54,0
"1576","NE Clarke ",5,50,112,0
"1577","JG Heron ",6,50,163,0
"1578","PA Horne ",4,50,122,0
"1579","J Lewis ",8,50,63,0
"1580","D Ravu ",7,50,79,0
"1581","IM Stanger ",5,50,150,0
"1582","CT Tremlett ",11,50,89,0
"1583","Zeeshan Siddiqi ",2,50,111,0
"1584","ST Banerjee ",5,49,42,0
"1585","YS Chahal ",9,49,84,0
"1586","DB Close ",3,49,50,0
"1587","WW Daniel ",5,49,56,0
"1588","DJ Gandhi ",3,49,97,0
"1589","CK Hooper ",5,49,60,0
"1590","Maninder Singh ",18,49,90,0
"1591","E Otieno ",17,49,136,0
"1592","D Ranatunga ",4,49,156,0
"1593","BA Reid ",21,49,117,0
"1594","GK Robertson ",6,49,48,0
"1595","MMC Schewe ",4,49,68,0
"1596","SS Tiwary ",2,49,56,0
"1597","KEA Upashantha ",8,49,86,0
"1598","Arafat Sunny ",11,48,92,0
"1599","GG Arnold ",6,48,75,0
"1600","JH Hampshire ",3,48,86,0
"1601","RJ Harris ",13,48,48,0
"1602","Mohammad Irfan ",33,48,149,0
"1603","MW Pringle ",8,48,56,0
"1604","PC Strydom ",8,48,94,0
"1605","MG Vandort ",1,48,117,0
"1606","JJ Whitaker ",2,48,65,0
"1607","Zafar Iqbal ",6,48,62,0
"1608","Zulqarnain Haider ",4,48,68,0
"1609","A Codrington ",8,47,92,0
"1610","FA Dennis ",3,47,171,0
"1611","Fayyaz Ahmed ",3,47,100,0
"1612","ER Fernando ",3,47,66,0
"1613","L Ngidi ",9,47,66,0
"1614","Sarandeep Singh ",4,47,73,0
"1615","J Theron ",10,47,95,0
"1616","BGK Walker ",7,47,79,0
"1617","ME Sanuth ",2,46,39,0
"1618","Jawahir Shah ",3,46,114,0
"1619","KK Nair ",2,46,88,0
"1620","J Nyumbu ",14,46,89,0
"1621","PP Ojha ",10,46,112,0
"1622","IR Redpath ",5,46,67,0
"1623","Skhawat Ali ",4,46,109,0
"1624","TB Sole ",7,46,43,0
"1625","Waheed Ahmed ",4,46,101,0
"1626","Azeem Hafeez ",10,45,104,0
"1627","M Karg ",2,45,65,0
"1628","DA Murray ",7,45,140,0
"1629","GR Robertson ",7,45,55,0
"1630","S Thuraisingam ",9,45,108,0
"1631","PJ Wiseman ",7,45,83,0
"1632","VR Brown ",3,44,85,0
"1633","NA de Groot ",6,44,127,0
"1634","Golam Faruq ",4,44,104,0
"1635","AV Mankad ",1,44,61,0
"1636","RD McCann ",5,44,77,0
"1637","BP Patterson ",20,44,101,0
"1638","RH Poonawala ",2,44,56,0
"1639","S Sreesanth ",21,44,121,0
"1640","JH Stander ",5,44,75,0
"1641","HR Bryan ",8,43,71,0
"1642","Faisal Hossain ",5,43,91,0
"1643","KHRK Fernando ",5,43,72,0
"1644","AR Kapoor ",6,43,63,0
"1645","Karan KC ",7,43,68,0
"1646","A Mishra ",11,43,82,0
"1647","Salman Faris ",3,43,79,0
"1648","WN Slack ",2,43,85,0
"1649","GB Stevenson ",4,43,56,0
"1650","SJ Swanepoel ",5,43,94,0
"1651","Anwar Hossain ",1,42,107,0
"1652","Azmat Rana ",2,42,73,0
"1653","MJ Fourie ",5,42,51,0
"1654","GJ Gilmour ",2,42,39,0
"1655","JN Maguire ",11,42,71,0
"1656","JL Pattinson ",8,42,80,0
"1657","MH Richardson ",4,42,97,0
"1658","Shaheen Shah Afridi ",8,42,64,0
"1659","JS Foster ",6,41,71,0
"1660","SP Heaney ",4,41,92,0
"1661","PA Hitchcock ",7,41,61,0
"1662","Mehmood Quaraishy ",3,41,154,0
"1663","WP Saha ",5,41,56,0
"1664","Shafiq Ahmed ",3,41,91,0
"1665","Taskin Ahmed ",16,41,99,0
"1666","SR Welsh ",3,41,78,0
"1667","Bilal Asif ",3,40,49,0
"1668","PC Connell ",5,40,73,0
"1669","DR Hadlee ",7,40,85,0
"1670","Khaliq Dad ",4,40,69,0
"1671","PS Masvaure ",2,40,60,0
"1672","ML Patel ",3,40,95,0
"1673","SJ Rixon ",6,40,98,0
"1674","DJ ter Braak ",2,40,94,0
"1675","MR Whitney ",13,40,90,0
"1676","GA Briant ",5,39,69,0
"1677","SS Das ",4,39,77,0
"1678","KSC de Silva ",19,39,92,0
"1679","DR Gilbert ",8,39,102,0
"1680","JR Hazlewood ",15,39,63,0
"1681","Iqbal Qasim ",7,39,90,0
"1682","N Kruger ",2,39,75,0
"1683","GD Lloyd ",5,39,80,0
"1684","TBA May ",12,39,52,0
"1685","LS Pascoe ",11,39,102,0
"1686","K Pierre ",2,39,47,0
"1687","Ramveer Rai ",1,39,124,0
"1688","RH Scholte ",5,39,135,0
"1689","A Shahzad ",8,39,60,0
"1690","Zulfiqar Ali ",3,39,76,0
"1691","JT Ball ",6,38,49,0
"1692","CJD Chappell ",3,38,143,0
"1693","PP Chawla ",12,38,58,0
"1694","CKB Kulasekara ",3,38,72,0
"1695","PJ Martin ",13,38,53,0
"1696","Mohammad Aslam ",4,38,73,0
"1697","N M'shangwe ",6,38,45,0
"1698","SS Naik ",2,38,68,0
"1699","Najeeb Amar ",4,38,64,0
"1700","GH O'Brien ",7,38,54,0
"1701","S Walusimbi ",3,38,126,0
"1702","PN Webb ",5,38,101,0
"1703","MP Jarvis ",5,37,67,0
"1704","TS Roland-Jones ",1,37,37,0
"1705","Saiful Islam ",4,37,59,0
"1706","Shahid Anwar ",1,37,44,0
"1707","DJ White ",3,37,97,0
"1708","MA Agarwal ",3,36,39,0
"1709","Ankur Vasishta ",4,36,69,0
"1710","M Bhanuka ",1,36,39,0
"1711","PW Gunaratne ",8,36,63,0
"1712","MF Malone ",7,36,63,0
"1713","G Mylvaganam ",3,36,92,0
"1714","AR Pitcher ",4,36,89,0
"1715","KR Pushpakumara ",9,36,52,0
"1716","Saleem Jaffar ",13,36,73,0
"1717","RB Simpson ",2,36,53,0
"1718","LO Tikolo ",2,36,75,0
"1719","JO Troughton ",5,36,76,0
"1720","PKD Chase ",16,35,56,0
"1721","H Durham ",7,35,105,0
"1722","G Dymock ",7,35,82,0
"1723","Joginder Sharma ",3,35,30,0
"1724","C McAuslan ",2,35,72,0
"1725","Nazmul Hossain ",21,35,128,0
"1726","JO Ngoche ",11,35,85,0
"1727","KT Sandher ",10,35,107,0
"1728","AR Tait ",5,35,32,0
"1729","SD Udal ",7,35,46,0
"1730","MWA van Nierop ",2,35,49,0
"1731","SM Warnapura ",3,35,76,0
"1732","Zulfiqar Babar ",5,35,40,0
"1733","RP Alexander ",2,34,75,0
"1734","SA Ankola ",13,34,42,0
"1735","Ata-ur-Rehman ",13,34,76,0
"1736","Atiq-uz-Zaman ",3,34,36,0
"1737","ID Austin ",6,34,49,0
"1738","RO Collinge ",9,34,62,0
"1739","RMS Eranga ",11,34,64,0
"1740","BN French ",8,34,71,0
"1741","AS Luseno ",9,34,50,0
"1742","M Mbangwa ",13,34,56,0
"1743","Mohammad Asif ",16,34,100,0
"1744","CG Rackemann ",18,34,77,0
"1745","PADLR Sandakan ",14,34,98,0
"1746","TT Smart ",2,34,94,0
"1747","GJ Delany ",2,33,51,0
"1748","Fayyaz Butt ",3,33,42,0
"1749","T Gibbons ",2,33,98,0
"1750","LWS Kaluperuma ",3,33,60,0
"1751","RR Kulkarni ",5,33,39,0
"1752","RJ McCurdy ",6,33,71,0
"1753","GE Peckover ",3,33,54,0
"1754","PARP Perera ",2,33,58,0
"1755","TL Seifert ",2,33,27,0
"1756","AS Wassan ",6,33,56,0
"1757","TM Alderman ",18,32,97,0
"1758","RE Bryson ",4,32,25,0
"1759","BFW de Leede ",3,32,75,0
"1760","BP Kruger ",3,32,50,0
"1761","SLV Raju ",16,32,67,0
"1762","JD Siddons ",1,32,37,0
"1763","SP Terry ",5,32,67,0
"1764","Amir Hayat ",6,31,73,0
"1765","BS Bedi ",7,31,70,0
"1766","TA Blundell ",2,31,35,0
"1767","HM Goonatilleke ",4,31,58,0
"1768","PW Jarvis ",8,31,39,0
"1769","C Jonker ",2,31,33,0
"1770","GC Martin ",4,31,65,0
"1771","MN Nawaz ",3,31,71,0
"1772","JD Nel ",10,31,54,0
"1773","MM Sharma ",9,31,66,0
"1774","PM Siddle ",6,31,30,0
"1775","Sikander Bakht ",11,31,97,0
"1776","RW Sims ",2,31,67,0
"1777","RD Woolley ",3,31,38,0
"1778","M Yachad ",1,31,77,0
"1779","BE Young ",3,31,47,0
"1780","GJ Batty ",8,30,73,0
"1781","SL Boock ",7,30,31,0
"1782","M Cheruparambil ",2,30,52,0
"1783","PT Collins ",12,30,50,0
"1784","BL D'Oliveira ",4,30,43,0
"1785","Ehsan Nawaz ",10,30,87,0
"1786","MVT Fernando ",8,30,61,0
"1787","EE Hemmings ",12,30,61,0
"1788","AJ Ireland ",13,30,101,0
"1789","FJ Klaassen ",3,30,52,0
"1790","IT Shillingford ",2,30,38,0
"1791","PA van Meekeren ",3,30,40,0
"1792","JCB Vaughan ",3,30,55,0
"1793","HN Ya France ",5,30,25,0
"1794","JS Ababu ",5,29,63,0
"1795","N Pradeep ",23,29,77,0
"1796","TCB Fernando ",10,29,59,0
"1797","BW Hilfenhaus ",11,29,69,0
"1798","Imran Abbas ",2,29,63,0
"1799","DI Joyce ",3,29,56,0
"1800","ARM Opatha ",3,29,55,0
"1801","KJ Wright ",2,29,52,0
"1802","CA Young ",7,29,43,0
"1803","Adeel Raja ",12,28,139,0
"1804","WW Davis ",5,28,53,0
"1805","JD Hall ",3,28,75,0
"1806","Kamran Hussain ",1,28,21,0
"1807","Mohammad Hasnain ",2,28,18,0
"1808","DS Mohanty ",11,28,57,0
"1809","Taslim Arif ",2,28,58,0
"1810","Ehsan Adil ",4,27,42,0
"1811","TJ Franklin ",3,27,89,0
"1812","TG Gordon ",5,27,59,0
"1813","TJ Heggelman ",5,27,85,0
"1814","HAPW Jayawardene ",5,27,44,0
"1815","TP Kamungozi ",11,27,55,0
"1816","BL Kotze ",4,27,51,0
"1817","DS Kulkarni ",2,27,28,0
"1818","WM Lawry ",1,27,49,0
"1819","KA Maharaj ",3,27,28,0
"1820","Mohsin Kamal ",6,27,40,0
"1821","Mujahid Jamshed ",3,27,54,0
"1822","RJ Robinson ",2,27,40,0
"1823","Rumman Raees ",4,27,24,0
"1824","ED Solkar ",6,27,79,0
"1825","BA Williams ",6,27,46,0
"1826","Zakir Khan ",5,27,63,0
"1827","Aizaz Cheema ",6,26,45,0
"1828","BJ Diamanti ",1,26,22,0
"1829","BG Hadlee ",2,26,93,0
"1830","RC Haynes ",6,26,66,0
"1831","Khurram Nawaz ",2,26,49,0
"1832","A Kuruvilla ",11,26,43,0
"1833","Mosharraf Hossain ",5,26,75,0
"1834","MS Panesar ",8,26,91,0
"1835","Pervez Mir ",3,26,44,0
"1836","CEB Rice ",2,26,37,0
"1837","TG Shaw ",6,26,35,0
"1838","SL Stewart ",4,26,59,0
"1839","Tareq Aziz ",8,26,73,0
"1840","BO van Rooi ",3,26,38,0
"1841","RJ van Vuuren ",5,26,38,0
"1842","Wasim Haider ",2,26,70,0
"1843","Zain Abbas ",1,26,54,0
"1844","Sultan Zarawani ",6,26,62,0
"1845","RJ Blakey ",2,25,50,0
"1846","DK Butler ",4,25,34,0
"1847","JJ Dawood ",1,25,19,0
"1848","MLC Foster ",1,25,62,0
"1849","KA Jamieson ",1,25,24,0
"1850","S Jeganathan ",4,25,39,0
"1851","GMC Mol ",4,25,54,0
"1852","Nasir Ahmed ",4,25,62,0
"1853","A Patel ",1,25,29,0
"1854","AK Sah ",2,25,35,0
"1855","Saleem Altaf ",2,25,53,0
"1856","Sayed Shirzad ",1,25,17,0
"1857","Shahid Nazir ",8,25,43,0
"1858","Sohail Khan ",6,25,51,0
"1859","SW Tait ",7,25,29,0
"1860","SK Atai ",1,24,57,0
"1861","MR Benson ",1,24,58,0
"1862","SM Curran ",3,24,47,0
"1863","AN French ",2,24,84,0
"1864","ST Gabriel ",16,24,63,0
"1865","SF Graf ",6,24,50,0
"1866","JPR Lamsam ",2,24,47,0
"1867","SW Lubbers ",4,24,37,0
"1868","DJ Malan ",1,24,30,0
"1869","MJ Mason ",7,24,45,0
"1870","Naeem Ashraf ",2,24,43,0
"1871","SB O'Connor ",13,24,91,0
"1872","SP Pasqual ",2,24,28,0
"1873","N Pothas ",1,24,41,0
"1874","Rafiqul Alam ",2,24,63,0
"1875","Sheikh Salahuddin ",5,24,136,0
"1876","ML Su'a ",7,24,56,0
"1877","Amir Hamza ",16,23,94,0
"1878","JO Angara ",11,23,64,0
"1879","HAG Anthony ",3,23,22,0
"1880","Asim Butt ",4,23,28,0
"1881","SV Bahutule ",4,23,29,0
"1882","SC Getkate ",2,23,23,0
"1883","AE Greenidge ",1,23,33,0
"1884","Hasti Gul ",1,23,11,0
"1885","E Katchay ",3,23,41,0
"1886","J Louw ",1,23,7,0
"1887","SJ Massiah ",2,23,44,0
"1888","AJ Penn ",3,23,33,0
"1889","V Razdan ",3,23,27,0
"1890","CP Tremain ",3,23,37,0
"1891","Afzaal Haider ",4,22,52,0
"1892","UNK Fernando ",2,22,25,0
"1893","DW Headley ",6,22,49,0
"1894","Kamran Shazad ",3,22,25,0
"1895","Mohammad Salman ",3,22,39,0
"1896","Shafiuddin Ahmed ",10,22,66,0
"1897","BR Taylor ",1,22,42,0
"1898","CM Wells ",2,22,44,0
"1899","Ali Asad ",2,21,47,0
"1900","B Arun ",3,21,32,0
"1901","AB Dinda ",5,21,36,0
"1902","S Keshvani ",2,21,38,0
"1903","MAWR Madurasinghe ",6,21,62,0
"1904","J Patraj ",2,21,48,0
"1905","DA Stirling ",5,21,39,0
"1906","I Wardlaw ",14,21,40,0
"1907","RA Woolmer ",4,21,46,0
"1908","SP Davis ",11,20,34,0
"1909","O Henry ",3,20,26,0
"1910","AP Igglesden ",3,20,31,0
"1911","MR Johnson ",2,20,19,0
"1912","MMA Jonkman ",2,20,51,0
"1913","BM Mauricette ",3,20,68,0
"1914","CT Mumba ",5,20,25,0
"1915","DT Mutendera ",4,20,43,0
"1916","IL Philip ",3,20,89,0
"1917","ADJ Pitcher ",3,20,28,0
"1918","Rizwan-uz-Zaman ",3,20,129,0
"1919","AF Sattaur ",3,20,60,0
"1920","PH Sharma ",2,20,39,0
"1921","S Shivnarine ",1,20,43,0
"1922","Umair Ali ",2,20,30,0
"1923","KIW Wijegunawardene ",12,20,55,0
"1924","JP Behrendorff ",5,19,15,0
"1925","S Bhari ",2,19,30,0
"1926","JJ Bumrah ",15,19,44,0
"1927","JW Dernbach ",8,19,39,0
"1928","EL Gouka ",2,19,36,0
"1929","RGA Headley ",1,19,41,0
"1930","S Jora ",1,19,20,0
"1931","T Kumaran ",3,19,27,0
"1932","MA Meman ",1,19,22,0
"1933","V Permaul ",4,19,26,0
"1934","HSM Pieris ",3,19,59,0
"1935","Sami Faridi ",2,19,31,0
"1936","MJ Smith ",5,19,85,0
"1937","Sunzamul Islam ",1,19,24,0
"1938","C Viljoen ",2,19,23,0
"1939","AG Wharf ",5,19,28,0
"1940","KOK Williams ",5,19,27,0
"1941","SG Borthwick ",2,18,16,0
"1942","DL Chahar ",2,18,22,0
"1943","CEH Croft ",6,18,38,0
"1944","HJ Howarth ",5,18,26,0
"1945","Jamaluddin Ahmed ",1,18,28,0
"1946","F Kasteni ",3,18,42,0
"1947","AV Lalcheta ",2,18,47,0
"1948","JJC Lawson ",5,18,16,0
"1949","Munir Dar ",2,18,16,0
"1950","Saleem Pervez ",1,18,39,0
"1951","LR Shukla ",2,18,19,0
"1952","Sultan Ahmed ",2,18,42,0
"1953","Syed Maqsood ",2,18,43,0
"1954","Tanvir Ahmed ",1,18,12,0
"1955","K Whatham ",1,18,41,0
"1956","RGCE Wijesuriya ",3,18,48,0
"1957","Zulqarnain ",6,18,30,0
"1958","GI Allott ",11,17,56,0
"1959","IS Gallage ",2,17,27,0
"1960","RD Gudhka ",2,17,14,0
"1961","MJ Hoggard ",6,17,30,0
"1962","Ilyas Gull ",2,17,59,0
"1963","Intikhab Alam ",2,17,45,0
"1964","IT Iqbal ",2,17,52,0
"1965","RSA Jayasekera ",1,17,42,0
"1966","KCB Jeremy ",4,17,42,0
"1967","RJ Kennedy ",4,17,15,0
"1968","CBRLS Kumara ",6,17,45,0
"1969","P Lever ",3,17,24,0
"1970","PHKD Mendis ",2,17,38,0
"1971","Raqibul Hasan ",2,17,65,0
"1972","CEW Silverwood ",4,17,34,0
"1973","S Abrahams ",1,16,26,0
"1974","RW Anderson ",2,16,46,0
"1975","JH Desai ",1,16,38,0
"1976","AM Guruge ",4,16,29,0
"1977","N Ifill ",3,16,45,0
"1978","Jahangir Shah ",4,16,62,0
"1979","RL Johnson ",4,16,20,0
"1980","SB Lama ",1,16,48,0
"1981","BP Loots ",5,16,27,0
"1982","RAL Massie ",1,16,24,0
"1983","B Muzarabani ",15,16,89,0
"1984","KJ O'Keeffe ",2,16,38,0
"1985","FN Otieno ",4,16,68,0
"1986","ADG Roberts ",1,16,24,0
"1987","V Shetty ",2,16,29,0
"1988","Shubman Gill ",2,16,32,0
"1989","CB Sole ",5,16,36,0
"1990","S Somasunder ",2,16,63,0
"1991","BTJ Wheal ",7,16,31,0
"1992","PJW Allott ",6,15,25,0
"1993","KN Amalean ",3,15,26,0
"1994","RR Beaton ",2,15,51,0
"1995","HF Gurney ",6,15,33,0
"1996","JR Hammond ",1,15,28,0
"1997","RS Higgins ",8,15,63,0
"1998","DAW Hollis ",1,15,26,0
"1999","Irfan Fazil ",1,15,16,0
"2000","GE Kidd ",1,15,25,0
"2001","BW Luckhurst ",3,15,69,0
"2002","Mansoor Rana ",2,15,24,0
"2003","Mohammad Zahid ",4,15,22,0
"2004","J Mulder ",2,15,11,0
"2005","EMDY Munaweera ",2,15,29,0
"2006","Nurul Abedin ",4,15,55,0
"2007","HD Rutherford ",4,15,56,0
"2008","Sajjad Ahmed ",2,15,46,0
"2009","R Shepherd ",3,15,23,0
"2010","DM Smith ",2,15,40,0
"2011","LW Stokkers ",1,15,40,0
"2012","Tariq Javed ",3,15,77,0
"2013","PCR Tufnell ",10,15,31,0
"2014","PS Vaidya ",2,15,12,0
"2015","A van der Merwe ",6,15,25,0
"2016","AP Wells ",1,15,10,0
"2017","Zafar Gohar ",1,15,15,0
"2018","Ahsan Malik ",5,14,27,0
"2019","Asghar Ali ",2,14,53,0
"2020","Asif Mahmood ",2,14,34,0
"2021","IPP Batuwitarachchi ",2,14,48,0
"2022","AR Butcher ",1,14,26,0
"2023","G Chapple ",1,14,7,0
"2024","LA Dawson ",2,14,17,0
"2025","HS Dhillon ",2,14,35,0
"2026","EA Essop-Adam ",1,14,15,0
"2027","SKW Kelly ",6,14,31,0
"2028","LD Madushanka ",4,14,26,0
"2029","AA Mallett ",3,14,36,0
"2030","Mohammad Akram ",9,14,34,0
"2031","Nadeem Ghauri ",3,14,25,0
"2032","R Ngarava ",6,14,30,0
"2033","IA Nicolson ",2,14,22,0
"2034","D Soraine ",4,14,20,0
"2035","GE Vivian ",1,14,30,0
"2036","LJ Woodcock ",2,14,22,0
"2037","Zahid Razzak ",3,14,44,0
"2038","Aamer Nazir ",3,13,20,0
"2039","Aamir Kaleem ",1,13,16,0
"2040","JC Archer ",7,13,22,0
"2041","Asad Ali ",2,13,16,0
"2042","LS Baker ",4,13,23,0
"2043","MD Bates ",1,13,10,0
"2044","GA Bishop ",2,13,44,0
"2045","A Bohara ",2,13,14,0
"2046","GK Bose ",1,13,18,0
"2047","NG Cowans ",8,13,29,0
"2048","HT Davis ",6,13,33,0
"2049","RR Emrit ",2,13,35,0
"2050","Gurkeerat Singh ",3,13,13,0
"2051","RL Hayes ",1,13,25,0
"2052","RO Hurley ",4,13,32,0
"2053","D Joseph ",3,13,24,0
"2054","JJ Krejza ",2,13,23,0
"2055","AMN Munasinghe ",4,13,52,0
"2056","B Regmi ",4,13,47,0
"2057","S Seeraj ",1,13,12,0
"2058","O Thomas ",10,13,53,0
"2059","Usman Salahuddin ",2,13,28,0
"2060","Zaheer Maqsood ",2,13,46,0
"2061","Asim Saeed ",2,12,19,0
"2062","DM Basden ",2,12,39,0
"2063","GK Bruk-Jackson ",1,12,33,0
"2064","Danish Kaneria ",10,12,22,0
"2065","IC Davis ",3,12,35,0
"2066","RP de Groen ",8,12,36,0
"2067","AM de Silva ",2,12,24,0
"2068","R Dhawan ",2,12,13,0
"2069","Enamul Haque jnr ",5,12,19,0
"2070","M Hayward ",5,12,28,0
"2071","Imtiaz Abbasi ",6,12,38,0
"2072","Javed Qadeer ",1,12,23,0
"2073","TJ Jenner ",1,12,25,0
"2074","AJ McKay ",10,12,47,0
"2075","PS Mehta ",1,12,41,0
"2076","KP Meiyappan ",2,12,18,0
"2077","PJK Mooney ",3,12,9,0
"2078","T Muzarabani ",7,12,40,0
"2079","Naeemuddin Aslam ",2,12,31,0
"2080","TS Nethula ",3,12,11,0
"2081","Noor-ul-Haq ",2,12,58,0
"2082","EJ Richardson ",1,12,18,0
"2083","P Sarraf ",2,12,18,0
"2084","S Snater ",2,12,14,0
"2085","Abul Hasan ",3,11,16,0
"2086","Ahmed Kamal ",1,11,19,0
"2087","MJD Allingham ",3,11,96,0
"2088","Arshad Pervez ",2,11,47,0
"2089","J Blackwood ",2,11,23,0
"2090","LJ Burger ",6,11,62,0
"2091","SF Burger ",2,11,20,0
"2092","PH Carlson ",2,11,30,0
"2093","BS Chandrasekhar ",1,11,13,0
"2094","PA Emery ",1,11,13,0
"2095","Haafiz Shahid ",3,11,23,0
"2096","GW Humpage ",2,11,24,0
"2097","Jasdeep Singh ",3,11,39,0
"2098","NGRP Jayasuriya ",2,11,13,0
"2099","SMS Kaluperuma ",2,11,41,0
"2100","SC Kuggeleijn ",1,11,6,0
"2101","NM Kulkarni ",5,11,20,0
"2102","JA Maclean ",1,11,33,0
"2103","PM Pushpakumara ",2,11,26,0
"2104","B Reddy ",2,11,20,0
"2105","Saad Ali ",2,11,23,0
"2106","G Sharma ",2,11,24,0
"2107","R Sharma ",2,11,24,0
"2108","FJ Titmus ",1,11,32,0
"2109","GD Watson ",2,11,16,0
"2110","JG Williamson ",2,11,35,0
"2111","Zahid Shah ",2,11,20,0
"2112","TR Ambrose ",5,10,34,0
"2113","MA Aponso ",7,10,45,0
"2114","Asif Masood ",3,10,17,0
"2115","HK Bennett ",7,10,35,0
"2116","D Brown ",2,10,20,0
"2117","ML Cummins ",3,10,27,0
"2118","DLS de Silva ",1,10,35,0
"2119","JJ Esmeijer ",5,10,43,0
"2120","B Geeves ",2,10,11,0
"2121","W Jaffer ",2,10,23,0
"2122","Kabir Khan ",5,10,25,0
"2123","AV Kale ",1,10,22,0
"2124","NJ MacRae ",2,10,36,0
"2125","CA Marshall ",2,10,41,0
"2126","A Martin ",6,10,29,0
"2127","BMW Patterson ",3,10,43,0
"2128","Shabbir Ahmed ",11,10,29,0
"2129","Shariful Haque ",1,10,6,0
"2130","L Sipamla ",1,10,14,0
"2131","RAJ Smith ",1,10,6,0
"2132","TE Srinivasan ",2,10,35,0
"2133","MP Stead ",2,10,45,0
"2134","GC Tonge ",4,10,16,0
"2135","MDJ Walker ",1,10,6,0
"2136","WA Wisneski ",2,10,17,0
"2137","AK Zesers ",2,10,14,0
"2138","KK Ahmed ",3,9,17,0
"2139","KS Airee ",1,9,6,0
"2140","MJ Bennett ",4,9,21,0
"2141","Bilal Khan ",4,9,11,0
"2142","SM Boland ",4,9,22,0
"2143","CE Bulfin ",2,9,8,0
"2144","SJ Cameron ",2,9,13,0
"2145","SJ Chalmers ",1,9,14,0
"2146","NA David ",2,9,10,0
"2147","GN de Silva ",2,9,18,0
"2148","GRA de Silva ",4,9,33,0
"2149","DR Doshi ",5,9,20,0
"2150","CJ Drum ",2,9,22,0
"2151","S Dube ",1,9,6,0
"2152","Fahad Usman ",2,9,18,0
"2153","Faisal Athar ",1,9,38,0
"2154","SP Gauchan ",1,9,44,0
"2155","MJ Haslam ",1,9,18,0
"2156","AG Huckle ",8,9,16,0
"2157","HR Johnson ",2,9,20,0
"2158","Karim Janat ",1,9,33,0
"2159","JB Little ",2,9,8,0
"2160","DE Malcolm ",5,9,11,0
"2161","Mohammad Salim ",1,9,24,0
"2162","PG Nana ",3,9,45,0
"2163","Naveen-ul-Haq ",3,9,21,0
"2164","A Nortje ",2,9,19,0
"2165","Qadeer Ahmed ",6,9,31,0
"2166","LS Rajput ",4,9,31,0
"2167","Rashid Zia ",2,9,57,0
"2168","BM Scholtz ",4,9,32,0
"2169","JA Snow ",4,9,41,0
"2170","OP Stone ",1,9,7,0
"2171","GP Sulzberger ",2,9,15,0
"2172","AJ Tudor ",2,9,11,0
"2173","VB van Jaarsveld ",2,9,15,0
"2174","Zahid Hussain ",2,9,31,0
"2175","VR Aaron ",3,8,15,0
"2176","Asif Iqbal (1) ",1,8,8,0
"2177","RA Austin ",1,8,13,0
"2178","BS Browne ",3,8,24,0
"2179","CJ Dala ",2,8,6,0
"2180","H Davids ",2,8,24,0
"2181","PA Desai ",8,8,55,0
"2182","R Dhanraj ",2,8,32,0
"2183","P Dharmani ",1,8,8,0
"2184","TL Fernando ",1,8,6,0
"2185","JC Gamage ",2,8,9,0
"2186","Gholam Nousher ",3,8,16,0
"2187","Hafizur Rahman ",1,8,24,0
"2188","ND Hirwani ",7,8,29,0
"2189","KH Butt ",2,8,28,0
"2190","ACI Lock ",3,8,20,0
"2191","MA Lynch ",3,8,32,0
"2192","CS Martin ",7,8,27,0
"2193","EZ Matambanadzo ",5,8,33,0
"2194","MG Neser ",2,8,16,0
"2195","PDRL Perera ",7,8,18,0
"2196","Rahat Ali ",7,8,37,0
"2197","SS Raul ",2,8,14,0
"2198","CA Reid ",2,8,17,0
"2199","RL Sanghvi ",2,8,11,0
"2200","VRV Singh ",1,8,13,0
"2201","Sohail Butt ",2,8,14,0
"2202","DS Steele ",1,8,12,0
"2203","DM Vonhagt ",1,8,17,0
"2204","HS Williams ",2,8,11,0
"2205","NP Kenjige ",3,7,6,0
"2206","Afif Hossain ",1,7,4,0
"2207","RW Ali ",3,7,28,0
"2208","J Cameron-Dow ",1,7,10,0
"2209","KG Duers ",2,7,20,0
"2210","Fazl-e-Akbar ",1,7,8,0
"2211","WCA Ganegama ",2,7,9,0
"2212","DM Gondaria ",2,7,45,0
"2213","JOA Gordon ",4,7,28,0
"2214","VR Hogg ",1,7,19,0
"2215","AG Hurst ",4,7,19,0
"2216","Izatullah Dawlatzai ",3,7,27,0
"2217","SD Jack ",2,7,8,0
"2218","Jahangir Alam Talukdar ",1,7,16,0
"2219","MKGCP Lakshitha ",2,7,12,0
"2220","Liaqat Ali ",1,7,31,0
"2221","DSK Madushanka ",1,7,6,0
"2222","GA Manou ",1,7,6,0
"2223","PL Mhambrey ",1,7,5,0
"2224","EA Moseley ",6,7,15,0
"2225","JK Moss ",1,7,16,0
"2226","Nazmul Islam ",1,7,13,0
"2227","M Pushpakumara ",1,7,19,0
"2228","RA Reifer ",1,7,12,0
"2229","IDK Salisbury ",2,7,12,0
"2230","K Shuttleworth ",1,7,19,0
"2231","EHSN Silva ",1,7,13,0
"2232","NA Statham ",3,7,50,0
"2233","RJW Topley ",5,7,40,0
"2234","RF van Oosterom ",3,7,27,0
"2235","SG Whittingham ",4,7,17,0
"2236","T Yohannan ",2,7,11,0
"2237","MKDI Amerasinghe ",4,6,9,0
"2238","Bhupinder Singh snr ",1,6,13,0
"2239","IW Callen ",3,6,13,0
"2240","GD Campbell ",3,6,19,0
"2241","U Chatterjee ",2,6,30,0
"2242","MT Chinouya ",2,6,8,0
"2243","WP Diepeveen ",1,6,7,0
"2244","SO Dowrich ",1,6,8,0
"2245","CE Eksteen ",2,6,25,0
"2246","Fahim Muntasir ",3,6,17,0
"2247","AP Grayson ",2,6,13,0
"2248","Harilal Shah ",3,6,56,0
"2249","Harvinder Singh ",5,6,19,0
"2250","M Hendrick ",10,6,22,0
"2251","CC Henry ",2,6,14,0
"2252","P Krishnamurthy ",1,6,13,0
"2253","MJ North ",2,6,19,0
"2254","LN Oluoch ",2,6,6,0
"2255","AK Patel ",2,6,11,0
"2256","DB Rundle ",2,6,11,0
"2257","Usman Shinwari ",4,6,7,0
"2258","RJ Webb ",1,6,10,0
"2259","DJ Worrall ",1,6,4,0
"2260","Aijaz Ali ",2,5,11,0
"2261","Badal Singh ",1,5,12,0
"2262","RT Crandon ",1,5,9,0
"2263","N Fernandes ",1,5,13,0
"2264","BE Hendricks ",2,5,14,0
"2265","R Illingworth ",2,5,18,0
"2266","Jalal-ud-Din ",2,5,5,0
"2267","Jubair Hossain ",1,5,9,0
"2268","Junaid Siddique ",4,5,17,0
"2269","Khalid Khan ",2,5,8,0
"2270","H McLeod ",2,5,10,0
"2271","Mansoor Amjad ",1,5,10,0
"2272","Maqsood Rana ",1,5,13,0
"2273","Najeeb Tarakai ",1,5,18,0
"2274","Naumanullah ",1,5,4,0
"2275","Neeyamur Rashid ",2,5,5,0
"2276","DJ Pringle ",2,5,15,0
"2277","LN Rajbanshi ",2,5,20,0
"2278","D Ramnarine ",3,5,13,0
"2279","Sajjad Akbar ",1,5,9,0
"2280","L Sivaramakrishnan ",4,5,24,0
"2281","G Snyman ",4,5,9,0
"2282","Talha Jubair ",5,5,15,0
"2283","Tanbir Hayder ",2,5,16,0
"2284","DJ Terbrugge ",2,5,14,0
"2285","RK Whelan ",2,5,12,0
"2286","Zawar Farid ",1,5,15,0
"2287","Al-Amin Hossain ",7,4,20,0
"2288","LS Bhandari ",1,4,9,0
"2289","MI Black ",2,4,14,0
"2290","PS Eaglestone ",1,4,3,0
"2291","Fawad Ahmed ",1,4,2,0
"2292","PJ Franks ",1,4,17,0
"2293","PLS Gamage ",5,4,27,0
"2294","D Ganesh ",1,4,8,0
"2295","WT Gavera ",1,4,6,0
"2296","Z Groenewald ",2,4,19,0
"2297","Gursharan Singh ",1,4,10,0
"2298","SD Heazlett ",1,4,11,0
"2299","Jahangir Alam ",3,4,22,0
"2300","ML Lewis ",1,4,4,0
"2301","CH Lonsdale ",1,4,28,0
"2302","Mohammad Nazir ",3,4,16,0
"2303","GK Pandey ",2,4,11,0
"2304","PI Pocock ",1,4,9,0
"2305","LN Roche ",2,4,10,0
"2306","AM Salvi ",3,4,14,0
"2307","Samiur Rahman ",2,4,7,0
"2308","BB Seebaran ",3,4,13,0
"2309","Shahzad Khan ",1,4,12,0
"2310","B Stanlake ",5,4,28,0
"2311","RW Staple ",2,4,11,0
"2312","PJR Steyn ",1,4,14,0
"2313","R Sudhakar Rao ",1,4,14,0
"2314","S Sumar ",1,4,11,0
"2315","Tanveer Ahmed ",4,4,11,0
"2316","VAB Tewarie ",1,4,22,0
"2317","GS Trimble ",2,4,5,0
"2318","T van der Gugten ",2,4,6,0
"2319","SL Watkin ",2,4,23,0
"2320","UWMBCA Welegedara ",3,4,9,0
"2321","RPAH Wickramaratne ",2,4,6,0
"2322","P Wilson ",5,4,13,0
"2323","M Zondeki ",3,4,5,0
"2324","SA Abbott ",1,3,7,0
"2325","Abdullah Mazari ",1,3,16,0
"2326","Ali Khan ",1,3,11,0
"2327","CR Amini ",1,3,3,0
"2328","RA Bhatti ",1,3,4,0
"2329","JWHD Boteju ",2,3,11,0
"2330","NR Dyer ",4,3,14,0
"2331","D Gamage ",2,3,10,0
"2332","LJ Hamilton ",2,3,6,0
"2333","RT Hart ",1,3,29,0
"2334","PD Heyn ",2,3,20,0
"2335","Ijaz Ahmed jnr ",1,3,2,0
"2336","CK Kruger ",2,3,20,0
"2337","Mahbubur Rahman ",1,3,8,0
"2338","Mazharul Haque ",1,3,18,0
"2339","MC Mendis ",1,3,2,0
"2340","DJ Murray ",1,3,17,0
"2341","SV Nayak ",1,3,19,0
"2342","IE O'Brien ",2,3,11,0
"2343","Pankaj Singh ",1,3,3,0
"2344","JM Patel ",3,3,23,0
"2345","MJ Petrie ",2,3,18,0
"2346","GD Porter ",1,3,9,0
"2347","U Ranchod ",1,3,6,0
"2348","RE Redmond ",1,3,11,0
"2349","Sagar Pun ",1,3,20,0
"2350","A Shamshudeen ",1,3,28,0
"2351","CEL Stuart ",1,3,13,0
"2352","Usman Mushtaq ",1,3,7,0
"2353","JN Valentine ",2,3,17,0
"2354","CJPG van Zyl ",2,3,11,0
"2355","Yamin Ahmadzai ",2,3,19,0
"2356","Zahid Ahmed ",2,3,13,0
"2357","MZ Zahir ",1,3,13,0
"2358","Zakiullah Zaki ",1,3,22,0
"2359","JP Agnew ",1,2,3,0
"2360","Ahmed Shah ",1,2,10,0
"2361","Anisur Rahman ",2,2,11,0
"2362","HWR Cartwright ",2,2,23,0
"2363","DJ Cullen ",1,2,3,0
"2364","BR Dorey ",1,2,8,0
"2365","WJ Edwards ",1,2,14,0
"2366","Elias Sunny ",4,2,11,0
"2367","Fahad Nawaz ",2,2,10,0
"2368","PG Gillespie ",4,2,14,0
"2369","AAW Gunawardena ",1,2,10,0
"2370","R Hekure ",1,2,8,0
"2371","KC Hodsoll ",2,2,7,0
"2372","Hussain Talat ",1,2,14,0
"2373","Ibrahim Zadran ",1,2,9,0
"2374","Irfan Sajid ",1,2,5,0
"2375","Junaid Zia ",2,2,7,0
"2376","Kaleemullah ",3,2,7,0
"2377","K Kamyuka ",1,2,2,0
"2378","Kashif Raza ",1,2,2,0
"2379","RJ Kirtley ",2,2,11,0
"2380","Masood Iqbal ",1,2,2,0
"2381","SC Meaker ",2,2,16,0
"2382","DWO Morgan ",2,2,11,0
"2383","Morshed Ali Khan ",1,2,4,0
"2384","SP Mukherjee ",1,2,2,0
"2385","Nadeem Khan ",1,2,3,0
"2386","Nasir Javed ",1,2,19,0
"2387","DR O'Sullivan ",2,2,5,0
"2388","R Pathan ",1,2,9,0
"2389","MR Pydanna ",1,2,3,0
"2390","ACL Richards ",1,2,2,0
"2391","Sameer Zia ",1,2,20,0
"2392","JNK Shannon ",1,2,8,0
"2393","GJ Thompson ",2,2,21,0
"2394","PIC Thompson ",1,2,7,0
"2395","MS Tshabalala ",1,2,3,0
"2396","AP Weerakkody ",1,2,4,0
"2397","MD Wettimuny ",1,2,11,0
"2398","DF Whatmore ",1,2,6,0
"2399","AGD Wickremasinghe ",1,2,10,0
"2400","Abdul Rehman ",1,1,13,0
"2401","Abu Hider ",1,1,11,0
"2402","Alawi Shukri ",1,1,3,0
"2403","Aminul Islam jnr ",1,1,0,0
"2404","PJ Bakker ",1,1,4,0
"2405","KMC Bandara ",1,1,3,0
"2406","GA Cope ",1,1,1,0
"2407","MC Cowdrey ",1,1,5,0
"2408","CI Dunusinghe ",1,1,1,0
"2409","MTG Elliott ",1,1,6,0
"2410","Fareed Ahmad ",2,1,6,0
"2411","RS Ghai ",1,1,3,0
"2412","Gurdeep Singh ",1,1,23,0
"2413","Iqbal Sikander ",1,1,3,0
"2414","SA Jayasinghe ",1,1,3,0
"2415","SP Jones ",1,1,2,0
"2416","S Kaul ",2,1,3,0
"2417","B Laughlin ",1,1,9,0
"2418","SCG MacGill ",2,1,3,0
"2419","Mahmood Hamid ",1,1,6,0
"2420","GJ McCarter ",1,1,1,0
"2421","JM Mennie ",2,1,4,0
"2422","Mohammad Kashif ",3,1,17,0
"2423","Moniruzzaman ",2,1,20,0
"2424","PV Mpitsang ",1,1,1,0
"2425","M Mulla ",1,1,11,0
"2426","W Mwayenga ",2,1,11,0
"2427","DP Nannes ",1,1,2,0
"2428","Nasim-ul-Ghani ",1,1,8,0
"2429","NV Ojha ",1,1,7,0
"2430","G Onions ",1,1,2,0
"2431","KA Patel ",2,1,4,0
"2432","Y Punja ",1,1,6,0
"2433","RR Ramdass ",1,1,9,0
"2434","SJ Roberts ",1,1,2,0
"2435","LC Romero ",2,1,7,0
"2436","R Sharma ",1,1,2,0
"2437","KJ Silva ",1,1,1,0
"2438","AM Stuart ",1,1,7,0
"2439","Subashis Roy ",1,1,9,0
"2440","JP Taylor ",1,1,8,0
"2441","LB Taylor ",1,1,6,0
"2442","JG Thomas ",3,1,7,0
"2443","S Tyagi ",1,1,2,0
"2444","KPJ Warnaweera ",3,1,11,0
"2445","BA Westdijk ",3,1,6,0
"2446","J Yadav ",1,1,1,0
"2447","NS Yadav ",2,1,16,0
"2448","B Yograj Singh ",4,1,12,0
"2449","Yunus Badat ",2,1,7,0
"2450","Aman Ali ",1,0,2,0
"2451","J Angel ",1,0,3,0
"2452","Anwar Hossain Monir ",1,0,8,0
"2453","S Baksh ",1,0,6,0
"2454","MRCN Bandaratilleke ",1,0,2,0
"2455","JE Benjamin ",1,0,6,0
"2456","A Bhandari ",1,0,0,0
"2457","DL Blake ",1,0,2,0
"2458","BP Bracewell ",1,0,4,0
"2459","RG Callender ",2,0,5,0
"2460","NM Carter ",1,0,6,0
"2461","K Christie ",1,0,3,0
"2462","JI de Villiers ",1,0,2,0
"2463","Fahad Alhashmi ",3,0,7,0
"2464","Fazle Mahmud ",2,0,9,0
"2465","R Flannigan ",1,0,2,0
"2466","LR Gibbs ",1,0,0,0
"2467","N Gifford ",1,0,8,0
"2468","VD Grandia ",1,0,5,0
"2469","Hamza Tahir ",2,0,2,0
"2470","RG Hart ",1,0,9,0
"2471","Harunur Rashid ",2,0,17,0
"2472","SM Harwood ",1,0,4,0
"2473","Ishtiaq Muhammad ",1,0,0,0
"2474","PHT Kaushal ",1,0,1,0
"2475","GJP Kruger ",2,0,10,0
"2476","AGR Loudon ",1,0,0,0
"2477","OC McCoy ",1,0,1,0
"2478","AW Mathieson ",1,0,0,0
"2479","JP Millmow ",1,0,3,0
"2480","Mohammad Khalil ",1,0,0,0
"2481","Mohammad Talha ",1,0,1,0
"2482","D Mohammed ",1,0,2,0
"2483","Naeem Ahmed ",1,0,8,0
"2484","Najaf Shah ",1,0,2,0
"2485","Naseer Malik ",1,0,13,0
"2486","Nasir Hameed ",1,0,1,0
"2487","AM Nayar ",1,0,7,0
"2488","N Ncube ",1,0,0,0
"2489","A Neill ",1,0,3,0
"2490","MB Owens ",1,0,3,0
"2491","NM Parker ",1,0,3,0
"2492","NT Pascal ",1,0,1,0
"2493","N Phillip ",1,0,5,0
"2494","AG Puttick ",1,0,5,0
"2495","NV Radford ",3,0,7,0
"2496","Rafiqul Islam ",1,0,5,0
"2497","CAK Rajitha ",3,0,10,0
"2498","DR Ramsammy ",1,0,3,0
"2499","N Ranatunga ",1,0,3,0
"2500","Raza Hasan ",1,0,2,0
"2501","Rizwan Latif ",1,0,2,0
"2502","Robiul Islam ",1,0,1,0
"2503","Saqib Zulfiqar ",1,0,4,0
"2504","Shadab Kabir ",3,0,5,0
"2505","Shakeel Khan ",1,0,4,0
"2506","T Shamsi ",3,0,2,0
"2507","Simandeep Singh ",1,0,7,0
"2508","GS Sobers ",1,0,6,0
"2509","Tanvir Mehdi ",1,0,5,0
"2510","CK Tshuma ",1,0,1,0
"2511","M Venkataramana ",1,0,0,0
"2512","R Walters ",2,0,5,0
"2513","CM Willoughby ",2,0,4,0
"2514","Zakir Hossain ",1,0,1,0
"2515","Aamer Hameed ",NA,NA,NA,NA
"2516","Abdur Rauf ",NA,NA,NA,NA
"2517","Abu Jayed ",NA,NA,NA,NA
"2518","FS Ahangama ",NA,NA,NA,NA
"2519","GW Aldridge ",NA,NA,NA,NA
"2520","ZS Ansari ",NA,NA,NA,NA
"2521","Ariful Haque ",NA,NA,NA,NA
"2522","Ashfaq Ahmed ",NA,NA,NA,NA
"2523","MD Bailey ",NA,NA,NA,NA
"2524","GR Beard ",NA,NA,NA,NA
"2525","T Bosch ",NA,NA,NA,NA
"2526","DR Briggs ",NA,NA,NA,NA
"2527","SA Britton ",NA,NA,NA,NA
"2528","WM Clark ",NA,NA,NA,NA
"2529","DJ Colley ",NA,NA,NA,NA
"2530","AN Connolly ",NA,NA,NA,NA
"2531","NGB Cook ",NA,NA,NA,NA
"2532","Dawlat Ahmadzai ",NA,NA,NA,NA
"2533","M de Lange ",NA,NA,NA,NA
"2534","DM Dupavillon ",NA,NA,NA,NA
"2535","N Dutta ",NA,NA,NA,NA
"2536","AM Fernando ",NA,NA,NA,NA
"2537","KADM Fernando ",NA,NA,NA,NA
"2538","BC Fortuin ",NA,NA,NA,NA
"2539","TN Garwe ",NA,NA,NA,NA
"2540","BD Glover ",NA,NA,NA,NA
"2541","MS Gony ",NA,NA,NA,NA
"2542","FRMD Gunatilleke ",NA,NA,NA,NA
"2543","PL Harris ",NA,NA,NA,NA
"2544","CW Henderson ",NA,NA,NA,NA
"2545","RG Holland ",NA,NA,NA,NA
"2546","Irfan Bhatti ",NA,NA,NA,NA
"2547","F Jansen ",NA,NA,NA,NA
"2548","PS Jayaprakashdaran ",NA,NA,NA,NA
"2549","Jay Odedra ",NA,NA,NA,NA
"2550","R Kaia ",NA,NA,NA,NA
"2551","JC Kent ",NA,NA,NA,NA
"2552","VJ Kingma ",NA,NA,NA,NA
"2553","DV Lawrence ",NA,NA,NA,NA
"2554","JL Louw ",NA,NA,NA,NA
"2555","AJ Mackay ",NA,NA,NA,NA
"2556","GD McKenzie ",NA,NA,NA,NA
"2557","S Mahmood ",NA,NA,NA,NA
"2558","GT Main ",NA,NA,NA,NA
"2559","Mohammad Abbas ",NA,NA,NA,NA
"2560","Mohammad Naim ",NA,NA,NA,NA
"2561","Mohammed Siraj ",NA,NA,NA,NA
"2562","Mohibullah Oryakhel ",NA,NA,NA,NA
"2563","J Nagenda ",NA,NA,NA,NA
"2564","A Ndlovu ",NA,NA,NA,NA
"2565","RG Nijman ",NA,NA,NA,NA
"2566","AA Noffke ",NA,NA,NA,NA
"2567","D Olivier ",NA,NA,NA,NA
"2568","C Overton ",NA,NA,NA,NA
"2569","M Panchal ",NA,NA,NA,NA
"2570","JS Paris ",NA,NA,NA,NA
"2571","MW Parkinson ",NA,NA,NA,NA
"2572","SD Parry ",NA,NA,NA,NA
"2573","Parvez Rasool ",NA,NA,NA,NA
"2574","RGM Patel ",NA,NA,NA,NA
"2575","D Paterson ",NA,NA,NA,NA
"2576","KG Perera ",NA,NA,NA,NA
"2577","P Raho ",NA,NA,NA,NA
"2578","SHA Rance ",NA,NA,NA,NA
"2579","Randhir Singh ",NA,NA,NA,NA
"2580","NLK Ratnayake ",NA,NA,NA,NA
"2581","EB Ringera ",NA,NA,NA,NA
"2582","Rizwan Ahmed ",NA,NA,NA,NA
"2583","Rokhan Barakzai ",NA,NA,NA,NA
"2584","Saeed-al-Saffar ",NA,NA,NA,NA
"2585","Salman Farooq ",NA,NA,NA,NA
"2586","Samiullah Khan ",NA,NA,NA,NA
"2587","GS Sandhu ",NA,NA,NA,NA
"2588","BN Schultz ",NA,NA,NA,NA
"2589","TAP Sekhar ",NA,NA,NA,NA
"2590","Shehzad Altaf ",NA,NA,NA,NA
"2591","KV Sharma ",NA,NA,NA,NA
"2592","M Shezi ",NA,NA,NA,NA
"2593","B Shikongo ",NA,NA,NA,NA
"2594","RP Singh ",NA,NA,NA,NA
"2595","MA Small ",NA,NA,NA,NA
"2596","M Smith ",NA,NA,NA,NA
"2597","BB Sran ",NA,NA,NA,NA
"2598","LW Stott ",NA,NA,NA,NA
"2599","EP Thompson ",NA,NA,NA,NA
"2600","AL Thomson ",NA,NA,NA,NA
"2601","RW Tolchard ",NA,NA,NA,NA
"2602","TE Tucker ",NA,NA,NA,NA
"2603","CM Tuckett ",NA,NA,NA,NA
"2604","JD Unadkat ",NA,NA,NA,NA
"2605","Wahidul Gani ",NA,NA,NA,NA
"2606","KP Walmsley ",NA,NA,NA,NA
"2607","Washington Sundar ",NA,NA,NA,NA
"2608","M Watkinson ",NA,NA,NA,NA
"2609","S Weerakoon ",NA,NA,NA,NA
"2610","Zahir Khan ",NA,NA,NA,NA
"2611","Zakir Hasan ",NA,NA,NA,NA
